0.1;1.717;1.532;1.532;1.551;1.548;1.553;1.549;1.551;1.562;
0.10020040080160321;1.702;1.531;1.528;1.548;1.544;1.544;1.545;1.537;1.539;
0.10040160642570281;1.697;1.527;1.529;1.547;1.544;1.543;1.547;1.555;1.541;
0.1006036217303823;1.703;1.527;1.529;1.546;1.547;1.544;1.566;1.537;1.537;
0.10080645161290323;1.67;1.53;1.53;1.55;1.572;1.548;1.544;1.542;1.54;
0.10101010101010102;1.645;1.528;1.53;1.545;1.56;1.543;1.544;1.537;1.539;
0.10121457489878544;1.625;1.527;1.528;1.544;1.566;1.543;1.548;1.549;1.538;
0.10141987829614607;1.562;1.528;1.53;1.544;1.547;1.545;1.551;1.536;1.551;
0.10162601626016263;1.652;1.528;1.529;1.543;1.547;1.544;1.545;1.536;1.538;
0.10183299389002039;1.603;1.528;1.531;1.543;1.546;1.544;1.545;1.579;1.537;
0.10204081632653064;1.576;1.528;1.53;1.545;1.546;1.547;1.55;1.54;1.538;
0.10224948875255627;1.634;1.539;1.53;1.553;1.551;1.543;1.547;1.538;1.536;
0.10245901639344265;1.783;1.55;1.549;1.587;1.583;1.65;1.582;1.573;1.564;
0.10266940451745384;1.763;1.612;1.622;1.609;1.592;1.636;1.622;1.59;1.605;
0.10288065843621404;1.673;1.535;1.558;1.573;1.547;1.57;1.584;1.544;1.541;
0.10309278350515469;1.664;1.529;1.544;1.549;1.568;1.564;1.557;1.552;1.55;
0.10330578512396699;1.681;1.535;1.537;1.546;1.545;1.544;1.552;1.537;1.545;
0.10351966873706009;1.61;1.538;1.527;1.544;1.544;1.552;1.546;1.551;1.538;
0.10373443983402496;1.587;1.542;1.53;1.545;1.544;1.544;1.545;1.54;1.556;
0.10395010395010401;1.584;1.532;1.528;1.544;1.553;1.545;1.546;1.538;1.538;
0.10416666666666673;1.6;1.562;1.563;1.575;1.576;1.573;1.569;1.57;1.573;
0.10438413361169109;1.693;1.571;1.571;1.586;1.588;1.587;1.591;1.582;1.583;
0.10460251046025111;1.707;1.595;1.587;1.603;1.604;1.603;1.622;1.61;1.653;
0.10482180293501056;1.69;1.607;1.606;1.621;1.631;1.622;1.622;1.626;1.617;
0.10504201680672276;1.694;1.625;1.62;1.634;1.635;1.633;1.667;1.63;1.631;
0.10526315789473692;1.684;1.635;1.624;1.643;1.642;1.641;1.646;1.639;1.635;
0.10548523206751063;1.702;1.631;1.632;1.655;1.648;1.658;1.646;1.64;1.64;
0.10570824524312905;1.696;1.641;1.637;1.657;1.654;1.654;1.654;1.646;1.647;
0.1059322033898306;1.712;1.66;1.635;1.681;1.653;1.652;1.655;1.646;1.645;
0.10615711252653937;1.722;1.642;1.645;1.653;1.66;1.651;1.658;1.649;1.648;
0.10638297872340435;1.735;1.636;1.636;1.653;1.657;1.651;1.655;1.645;1.648;
0.10660980810234552;1.718;1.638;1.635;1.651;1.652;1.653;1.653;1.645;1.648;
0.10683760683760694;1.795;1.638;1.635;1.657;1.653;1.653;1.654;1.646;1.646;
0.10706638115631703;1.772;1.637;1.635;1.651;1.66;1.652;1.662;1.653;1.645;
0.10729613733905591;1.755;1.637;1.636;1.652;1.653;1.655;1.653;1.645;1.659;
0.10752688172043022;1.736;1.637;1.64;1.654;1.698;1.652;1.654;1.647;1.648;
0.10775862068965529;1.693;1.641;1.658;1.657;1.666;1.652;1.655;1.646;1.649;
0.10799136069114483;1.66;1.636;1.635;1.654;1.66;1.652;1.66;1.645;1.646;
0.10822510822510835;1.687;1.635;1.635;1.654;1.654;1.651;1.654;1.645;1.655;
0.10845986984815631;1.644;1.636;1.636;1.653;1.653;1.662;1.656;1.688;1.645;
0.10869565217391318;1.664;1.636;1.636;1.654;1.652;1.654;1.659;1.66;1.646;
0.10893246187363849;1.638;1.649;1.641;1.662;1.654;1.653;1.654;1.65;1.657;
0.10917030567685604;1.719;1.636;1.635;1.652;1.654;1.73;1.654;1.645;1.661;
0.1094091903719914;1.642;1.639;1.636;1.654;1.655;1.658;1.654;1.645;1.649;
0.10964912280701769;1.64;1.637;1.677;1.655;1.652;1.656;1.653;1.646;1.645;
0.10989010989011004;1.638;1.636;1.65;1.651;1.653;1.677;1.658;1.655;1.66;
0.11013215859030853;1.64;1.642;1.636;1.656;1.652;1.653;1.661;1.646;1.646;
0.11037527593819;1.646;1.638;1.635;1.663;1.659;1.652;1.653;1.648;1.645;
0.11061946902654884;1.64;1.642;1.639;1.654;1.658;1.653;1.653;1.656;1.647;
0.11086474501108665;1.638;1.636;1.635;1.652;1.657;1.651;1.659;1.65;1.648;
0.11111111111111129;1.675;1.663;1.671;1.692;1.683;1.687;1.718;1.673;1.671;
0.11135857461024516;1.68;1.677;1.678;1.693;1.695;1.695;1.703;1.688;1.724;
0.11160714285714304;1.696;1.694;1.694;1.716;1.712;1.714;1.715;1.709;1.719;
0.11185682326621943;1.716;1.715;1.715;1.73;1.735;1.729;1.736;1.725;1.727;
0.11210762331838585;1.725;1.725;1.724;1.742;1.779;1.742;1.747;1.747;1.736;
0.11235955056179794;1.742;1.738;1.73;1.748;1.807;1.76;1.751;1.741;1.744;
0.11261261261261281;1.737;1.813;1.736;1.783;1.789;1.754;1.757;1.746;1.756;
0.11286681715575642;1.804;1.761;1.748;1.779;1.779;1.765;1.762;1.752;1.754;
0.11312217194570157;1.745;1.742;1.75;1.761;1.819;1.762;1.761;1.752;1.755;
0.11337868480725645;1.754;1.745;1.745;1.761;1.801;1.768;1.76;1.753;1.756;
0.11363636363636385;1.743;1.743;1.75;1.762;1.782;1.766;1.762;1.754;1.763;
0.11389521640091138;1.748;1.745;1.744;1.763;1.767;1.761;1.761;1.752;1.755;
0.11415525114155274;1.753;1.743;1.743;1.765;1.774;1.762;1.771;1.76;1.754;
0.11441647597254027;1.744;1.742;1.745;1.76;1.801;1.764;1.763;1.752;1.761;
0.11467889908256905;1.746;1.744;1.743;1.769;1.832;1.76;1.761;1.757;1.758;
0.11494252873563243;1.744;1.741;1.743;1.786;1.868;1.762;1.761;1.765;1.754;
0.11520737327188965;1.743;1.745;1.743;1.791;1.786;1.763;1.77;1.752;1.779;
0.1154734411085453;1.802;1.745;1.746;1.76;1.77;1.763;1.761;1.753;1.756;
0.115740740740741;1.747;1.742;1.745;1.76;1.761;1.762;1.77;1.79;1.753;
0.11600928074245966;1.761;1.745;1.743;1.763;1.799;1.76;1.766;1.758;1.754;
0.11627906976744212;1.745;1.757;1.743;1.774;1.76;1.809;1.761;1.754;1.754;
0.11655011655011682;1.745;1.743;1.745;1.768;1.76;1.78;1.761;1.757;1.754;
0.11682242990654233;1.745;1.744;1.742;1.761;1.772;1.771;1.761;1.755;1.754;
0.11709601873536328;1.746;1.743;1.789;1.764;1.764;1.765;1.761;1.753;1.766;
0.11737089201877964;1.746;1.743;1.763;1.76;1.762;1.761;1.785;1.755;1.789;
0.1176470588235297;1.744;1.748;1.742;1.762;1.763;1.768;1.761;1.758;1.818;
0.1179245283018871;1.742;1.749;1.743;1.766;1.784;1.763;1.767;1.753;1.813;
0.1182033096926717;1.784;1.79;1.784;1.802;1.812;1.806;1.814;1.794;1.862;
0.11848341232227519;1.803;1.802;1.804;1.826;1.859;1.82;1.861;1.812;1.885;
0.11876484560570102;1.828;1.82;1.819;1.84;1.841;1.838;1.848;1.837;1.955;
0.11904761904761937;1.833;1.833;1.836;1.851;1.856;1.853;1.854;1.847;1.93;
0.11933174224343708;1.839;1.838;1.837;1.889;1.856;1.857;1.867;1.849;1.874;
0.11961722488038311;1.915;1.849;1.844;1.917;1.863;1.862;1.863;1.864;1.89;
0.11990407673860945;1.871;1.915;1.848;1.887;1.87;1.878;1.869;1.869;1.882;
0.12019230769230804;1.85;1.875;1.847;1.949;1.869;1.867;1.869;1.863;1.885;
0.12048192771084372;1.85;1.864;1.849;1.935;1.869;1.868;1.871;1.861;1.886;
0.12077294685990374;1.86;1.852;1.87;1.872;1.869;1.869;1.868;1.865;1.889;
0.1210653753026638;1.859;1.848;1.848;1.868;1.869;1.872;1.868;1.86;1.862;
0.12135922330097124;1.858;1.864;1.851;1.87;1.886;1.872;1.876;1.86;1.865;
0.12165450121654539;1.853;1.952;1.855;1.878;1.87;1.869;1.885;1.866;1.861;
0.12195121951219551;1.851;1.929;1.851;1.872;1.908;1.87;1.869;1.86;1.881;
0.12224938875305662;1.851;1.855;1.943;1.876;1.911;1.868;1.873;1.861;1.86;
0.12254901960784353;1.852;1.856;1.927;1.87;1.917;1.876;1.868;1.861;1.86;
0.12285012285012326;1.85;1.851;1.855;1.869;1.877;1.871;1.869;1.863;1.916;
0.12315270935960632;1.879;1.849;1.85;1.869;1.907;1.869;1.869;1.861;1.874;
0.1234567901234572;1.872;1.849;1.85;1.875;1.9;1.87;1.872;1.896;1.886;
0.12376237623762418;1.89;1.853;1.86;1.882;1.875;1.868;1.868;1.872;1.869;
0.12406947890818901;1.866;1.861;1.851;1.868;1.87;1.908;1.869;1.86;1.864;
0.12437810945273675;1.852;1.85;1.849;1.869;1.87;1.879;1.869;1.861;1.86;
0.12468827930174607;1.851;1.849;1.861;1.867;1.869;1.872;1.87;1.86;1.869;
0.12500000000000044;1.874;1.885;1.919;1.905;1.895;1.904;1.908;1.894;1.903;
0.1253132832080205;1.911;1.908;1.911;1.93;1.93;1.934;1.93;1.92;1.919;
0.12562814070351805;1.928;1.925;1.926;1.958;1.962;1.947;1.947;1.937;1.937;
0.125944584382872;1.939;1.936;1.942;1.958;1.959;1.958;1.967;1.95;1.95;
0.12626262626262674;1.945;1.944;1.945;1.965;1.965;1.967;2.017;1.955;1.955;
0.12658227848101314;1.952;1.949;1.95;1.973;1.973;1.969;1.977;1.963;2.03;
0.12690355329949288;1.955;1.955;1.956;1.975;1.978;1.978;1.98;1.969;1.979;
0.1272264631043262;1.956;1.961;1.959;1.977;1.986;1.977;1.984;1.972;1.968;
0.12755102040816377;1.974;1.955;1.957;1.975;1.978;1.985;1.98;1.976;1.969;
0.1278772378516629;1.959;2;1.957;2.012;1.976;1.978;1.98;1.967;1.969;
0.12820512820512872;1.957;1.984;1.96;2.035;1.981;1.976;1.992;1.968;1.972;
0.12853470437018047;1.956;1.97;1.956;1.985;1.982;1.977;1.978;1.967;1.972;
0.12886597938144384;1.967;1.961;1.968;1.98;1.976;1.983;1.977;1.967;1.972;
0.12919896640826928;1.957;1.957;1.961;1.982;1.975;1.983;1.977;1.974;1.967;
0.12953367875647723;1.96;1.959;1.956;1.976;1.977;1.978;1.982;1.967;1.967;
0.1298701298701304;1.964;1.955;2.031;1.976;1.989;1.981;1.992;1.973;1.968;
0.1302083333333339;1.961;1.958;1.966;1.983;2.003;1.979;1.978;1.966;1.98;
0.13054830287206323;1.958;1.957;1.957;1.979;1.995;1.977;1.977;1.974;1.969;
0.13089005235602152;1.957;1.955;1.955;1.976;1.983;1.979;1.987;1.977;2.022;
0.13123359580052552;1.973;1.956;1.957;1.976;2.004;1.976;1.975;1.967;1.983;
0.13157894736842166;1.963;1.956;1.956;1.976;1.985;1.979;1.976;2.032;1.968;
0.13192612137203227;2.107;1.955;1.96;1.988;1.986;1.98;1.983;1.974;1.973;
0.13227513227513288;2.024;2.032;2.017;2.04;2.036;2.093;2.035;2.03;2.027;
0.13262599469496084;2.035;2.033;2.036;2.053;2.055;2.062;2.052;2.047;2.047;
0.13297872340425596;2.047;2.045;2.054;2.068;2.067;2.073;2.065;2.061;2.075;
0.13333333333333397;2.051;2.051;2.097;2.072;2.072;2.077;2.074;2.065;2.065;
0.13368983957219316;2.062;2.059;2.061;2.077;2.079;2.084;2.077;2.073;2.078;
0.1340482573726548;2.066;2.071;2.063;2.083;2.098;2.084;2.085;2.077;2.084;
0.1344086021505383;2.064;2.069;2.063;2.084;2.084;2.088;2.134;2.074;2.079;
0.13477088948787128;2.071;2.063;2.071;2.084;2.085;2.09;2.109;2.076;2.105;
0.1351351351351358;2.065;2.064;2.063;2.083;2.09;2.085;2.096;2.082;2.118;
0.13550135501355082;2.065;2.069;2.065;2.085;2.086;2.085;2.09;2.078;2.078;
0.135869565217392;2.064;2.066;2.064;2.083;2.085;2.086;2.088;2.078;2.079;
0.13623978201634948;2.08;2.074;2.064;2.098;2.084;2.134;2.084;2.079;2.076;
0.1366120218579242;2.065;2.117;2.064;2.132;2.086;2.086;2.088;2.074;2.075;
0.13698630136986373;2.067;2.063;2.063;2.098;2.084;2.086;2.086;2.073;2.077;
0.1373626373626381;2.068;2.066;2.075;2.086;2.084;2.087;2.084;2.075;2.081;
0.13774104683195665;2.065;2.062;2.063;2.086;2.087;2.089;2.084;2.074;2.075;
0.13812154696132672;2.066;2.066;2.062;2.084;2.095;2.085;2.085;2.074;2.077;
0.1385041551246545;2.064;2.063;2.062;2.084;2.116;2.084;2.095;2.088;2.084;
0.13888888888888964;2.092;2.094;2.094;2.116;2.145;2.129;2.107;2.106;2.112;
0.13927576601671388;2.125;2.162;2.125;2.151;2.155;2.153;2.145;2.133;2.135;
0.13966480446927454;2.142;2.26;2.146;2.162;2.164;2.165;2.164;2.151;2.164;
0.1400560224089644;2.162;2.16;2.151;2.176;2.176;2.182;2.178;2.164;2.166;
0.140449438202248;2.217;2.16;2.158;2.179;2.183;2.181;2.185;2.204;2.173;
0.14084507042253602;2.194;2.189;2.169;2.203;2.195;2.232;2.192;2.181;2.185;
0.14124293785310818;2.187;2.171;2.175;2.191;2.197;2.199;2.191;2.181;2.184;
0.14164305949008582;2.172;2.171;2.168;2.191;2.191;2.198;2.191;2.182;2.186;
0.1420454545454554;2.174;2.17;2.224;2.194;2.193;2.201;2.204;2.192;2.2;
0.1424501424501433;2.171;2.169;2.177;2.197;2.196;2.191;2.193;2.182;2.186;
0.14285714285714374;2.174;2.178;2.169;2.194;2.205;2.193;2.192;2.186;2.186;
0.14326647564470002;2.17;2.17;2.171;2.193;2.19;2.192;2.242;2.192;2.184;
0.1436781609195411;2.172;2.169;2.173;2.193;2.191;2.192;2.21;2.184;2.187;
0.1440922190201738;2.171;2.168;2.172;2.196;2.194;2.192;2.205;2.194;2.238;
0.14450867052023214;2.171;2.17;2.168;2.192;2.209;2.192;2.198;2.185;2.196;
0.14492753623188498;2.171;2.169;2.171;2.192;2.192;2.203;2.193;2.184;2.185;
0.14534883720930325;2.183;2.203;2.168;2.217;2.192;2.194;2.189;2.182;2.194;
0.14577259475218754;2.172;2.221;2.166;2.218;2.196;2.19;2.194;2.182;2.185;
0.1461988304093577;2.23;2.233;2.226;2.253;2.257;2.257;2.252;2.241;2.244;
0.14662756598240567;2.254;2.245;2.254;2.274;2.27;2.282;2.269;2.26;2.271;
0.14705882352941274;2.26;2.258;2.261;2.283;2.282;2.283;2.281;2.272;2.276;
0.14749262536873256;2.273;2.268;2.263;2.287;2.289;2.286;2.303;2.288;2.28;
0.14792899408284124;2.286;2.277;2.274;2.305;2.348;2.303;2.302;2.29;2.297;
0.1483679525222562;2.278;2.279;2.28;2.301;2.318;2.304;2.301;2.292;2.292;
0.14880952380952484;2.276;2.277;2.274;2.299;2.302;2.301;2.309;2.299;2.306;
0.14925373134328462;2.313;2.276;2.274;2.306;2.301;2.3;2.302;2.29;2.294;
0.14970059880239628;2.293;2.277;2.279;2.299;2.315;2.301;2.313;2.341;2.29;
0.1501501501501512;2.338;2.277;2.275;2.307;2.307;2.33;2.3;2.293;2.293;
0.1506024096385553;2.281;2.294;2.275;2.298;2.299;2.312;2.301;2.29;2.292;
0.15105740181268992;2.279;2.278;2.28;2.301;2.3;2.305;2.301;2.291;2.292;
0.15151515151515263;2.279;2.277;2.323;2.3;2.301;2.302;2.306;2.318;2.302;
0.15197568389057864;2.28;2.278;2.295;2.299;2.298;2.305;2.301;2.292;2.296;
0.15243902439024504;2.277;2.283;2.279;2.299;2.317;2.301;2.303;2.291;2.298;
0.15290519877675957;2.318;2.324;2.316;2.34;2.341;2.344;2.392;2.329;2.335;
0.15337423312883552;2.34;2.336;2.336;2.358;2.361;2.36;2.374;2.359;2.404;
0.15384615384615502;2.364;2.362;2.365;2.386;2.387;2.389;2.392;2.405;2.39;
0.15432098765432217;2.375;2.373;2.372;2.398;2.422;2.395;2.41;2.386;2.386;
0.15479876160990833;2.389;2.38;2.378;2.404;2.414;2.412;2.401;2.405;2.394;
0.15527950310559127;2.385;2.438;2.381;2.459;2.414;2.407;2.413;2.395;2.397;
0.15576323987539065;2.385;2.396;2.381;2.411;2.41;2.405;2.412;2.396;2.403;
0.15625000000000125;2.382;2.384;2.39;2.409;2.407;2.407;2.409;2.4;2.403;
0.15673981191222697;2.383;2.382;2.382;2.409;2.409;2.409;2.409;2.396;2.399;
0.157232704402517;2.383;2.385;2.38;2.418;2.409;2.414;2.428;2.412;2.402;
0.15772870662460697;2.39;2.383;2.388;2.407;2.466;2.41;2.41;2.398;2.414;
0.15822784810126714;2.384;2.386;2.384;2.41;2.436;2.408;2.409;2.398;2.399;
0.15873015873016005;2.386;2.388;2.399;2.407;2.41;2.408;2.409;2.4;2.421;
0.15923566878981027;2.394;2.381;2.381;2.409;2.408;2.41;2.411;2.397;2.402;
0.15974440894568825;2.461;2.423;2.422;2.475;2.448;2.448;2.455;2.471;2.442;
0.16025641025641163;2.48;2.459;2.45;2.467;2.464;2.513;2.469;2.461;2.458;
0.1607717041800657;2.477;2.46;2.46;2.484;2.491;2.496;2.487;2.475;2.477;
0.16129032258064657;2.481;2.478;2.478;2.502;2.504;2.52;2.506;2.499;2.508;
0.16181229773462924;2.483;2.483;2.527;2.519;2.511;2.515;2.514;2.497;2.502;
0.16233766233766378;2.493;2.489;2.492;2.536;2.526;2.517;2.518;2.505;2.506;
0.1628664495114021;2.493;2.489;2.491;2.524;2.517;2.54;2.573;2.511;2.507;
0.163398692810459;2.495;2.489;2.535;2.524;2.513;2.62;2.527;2.503;2.538;
0.16393442622950968;2.492;2.49;2.493;2.515;2.518;2.599;2.523;2.508;2.52;
0.16447368421052783;2.501;2.49;2.488;2.514;2.521;2.595;2.538;2.505;2.513;
0.16501650165016654;2.49;2.488;2.493;2.513;2.514;2.538;2.517;2.509;2.557;
0.1655629139072863;2.501;2.531;2.489;2.584;2.519;2.523;2.523;2.503;2.506;
0.1661129568106328;2.492;2.524;2.493;2.517;2.517;2.521;2.521;2.502;2.508;
0.16666666666666824;2.528;2.525;2.528;2.547;2.546;2.557;2.551;2.535;2.55;
0.16722408026756014;2.56;2.549;2.548;2.578;2.574;2.575;2.577;2.568;2.568;
0.16778523489933048;2.574;2.575;2.564;2.592;2.628;2.6;2.611;2.591;2.583;
0.16835016835017;2.596;2.586;2.584;2.613;2.631;2.612;2.612;2.6;2.613;
0.16891891891892058;2.592;2.594;2.589;2.617;2.631;2.622;2.623;2.621;2.609;
0.1694915254237305;2.598;2.596;2.595;2.622;2.624;2.624;2.624;2.611;2.624;
0.17006802721088604;2.621;2.699;2.596;2.622;2.631;2.629;2.632;2.652;2.615;
0.17064846416382423;2.669;2.603;2.596;2.631;2.626;2.65;2.621;2.618;2.615;
0.1712328767123305;2.603;2.609;2.596;2.625;2.623;2.638;2.624;2.619;2.613;
0.17182130584192615;2.598;2.6;2.596;2.631;2.623;2.625;2.623;2.612;2.628;
0.17241379310345006;2.599;2.599;2.64;2.624;2.623;2.633;2.629;2.612;2.614;
0.17301038062283916;2.601;2.598;2.616;2.623;2.635;2.661;2.626;2.623;2.632;
0.17361111111111294;2.632;2.643;2.615;2.646;2.652;2.664;2.679;2.645;2.648;
0.1742160278745663;2.658;2.659;2.656;2.683;2.682;2.687;2.696;2.673;2.69;
0.17482517482517668;2.69;2.681;2.686;2.708;2.714;2.707;2.713;2.71;2.722;
0.17543859649122995;2.692;2.698;2.696;2.719;2.72;2.72;2.739;2.711;2.718;
0.17605633802817092;2.717;2.702;2.701;2.757;2.729;2.738;2.731;2.736;2.715;
0.1766784452296839;2.707;2.788;2.71;2.76;2.737;2.73;2.739;2.719;2.721;
0.17730496453900904;2.711;2.712;2.703;2.731;2.73;2.731;2.732;2.72;2.723;
0.1779359430605002;2.706;2.705;2.715;2.733;2.73;2.734;2.73;2.719;2.722;
0.17857142857143057;2.705;2.704;2.704;2.731;2.739;2.732;2.741;2.719;2.721;
0.1792114695340522;2.705;2.712;2.707;2.732;2.807;2.734;2.733;2.728;2.731;
0.17985611510791571;2.705;2.706;2.705;2.768;2.748;2.732;2.731;2.718;2.719;
0.18050541516245694;2.706;2.709;2.715;2.733;2.734;2.737;2.731;2.721;2.734;
0.18115942028985715;2.783;2.763;2.773;2.791;2.791;2.797;2.79;2.781;2.781;
0.18181818181818393;2.844;2.788;2.792;2.828;2.85;2.846;2.821;2.842;2.808;
0.18248175182481965;2.812;2.813;2.806;2.828;2.84;2.847;2.828;2.821;2.821;
0.1831501831501853;2.823;2.81;2.81;2.839;2.849;2.849;2.839;2.827;2.827;
0.18382352941176688;2.811;2.81;2.837;2.842;2.841;2.839;2.851;2.834;2.839;
0.1845018450184524;2.816;2.808;2.83;2.845;2.854;2.88;2.841;2.829;2.828;
0.18518518518518742;2.82;2.812;2.812;2.843;2.839;2.842;2.883;2.838;2.829;
0.18587360594795765;2.816;2.808;2.819;2.846;2.841;2.839;2.852;2.833;2.87;
0.18656716417910676;2.812;2.808;2.811;2.838;2.851;2.84;2.844;2.841;2.843;
0.18726591760299857;2.811;2.809;2.816;2.851;2.841;2.847;2.869;2.832;2.83;
0.18796992481203242;2.887;2.867;2.868;2.956;2.9;2.896;2.905;2.888;2.9;
0.18867924528302124;2.889;2.936;2.887;2.944;2.941;2.924;2.921;2.904;2.909;
0.1893939393939418;2.909;2.914;2.905;2.94;2.938;2.946;2.937;2.922;2.935;
0.19011406844106707;2.919;2.917;2.928;2.945;2.942;2.941;2.943;2.931;2.93;
0.190839694656491;2.926;2.917;2.92;2.953;2.984;2.951;2.968;2.943;2.981;
0.19157088122605614;2.933;2.915;2.916;2.948;2.957;2.948;2.947;2.937;2.971;
0.19230769230769484;2.918;2.917;2.916;2.946;2.952;2.95;2.953;2.947;2.939;
0.1930501930501956;2.918;2.916;2.914;2.947;2.946;2.945;2.949;2.939;2.95;
0.1937984496124057;2.931;2.927;2.92;2.961;2.957;2.972;2.96;2.979;2.937;
0.194552529182882;3.019;2.968;2.958;2.989;2.987;3.005;2.996;2.976;2.98;
0.19531250000000264;2.979;2.988;2.976;3.011;3.016;3.007;3.007;2.998;2.997;
0.1960784313725517;3.008;3.009;3.026;3.04;3.036;3.039;3.064;3.025;3.033;
0.1968503937007901;3.025;3.019;3.051;3.048;3.059;3.047;3.049;3.04;3.055;
0.19762845849802646;3.026;3.033;3.026;3.053;3.054;3.055;3.097;3.04;3.047;
0.19841269841270118;3.032;3.026;3.026;3.054;3.067;3.053;3.07;3.043;3.08;
0.19920318725099884;3.024;3.024;3.025;3.058;3.054;3.059;3.085;3.054;3.046;
0.20000000000000284;3.031;3.03;3.024;3.059;3.055;3.07;3.056;3.055;3.043;
0.2008032128514085;3.037;3.058;3.031;3.118;3.056;3.054;3.065;3.041;3.078;
0.20161290322580935;3.068;3.121;3.064;3.097;3.096;3.097;3.099;3.081;3.091;
0.2024291497975738;3.117;3.103;3.113;3.135;3.134;3.136;3.135;3.12;3.126;
0.2032520325203282;3.12;3.112;3.115;3.147;3.176;3.147;3.162;3.13;3.139;
0.20408163265306425;3.128;3.127;3.126;3.158;3.209;3.154;3.158;3.154;3.16;
0.2049180327868883;3.134;3.132;3.134;3.162;3.178;3.161;3.165;3.151;3.149;
0.20576131687243107;3.137;3.141;3.16;3.173;3.163;3.164;3.165;3.153;3.175;
0.20661157024793703;3.145;3.134;3.135;3.175;3.165;3.187;3.166;3.191;3.152;
0.20746887966805297;3.219;3.139;3.137;3.165;3.165;3.181;3.164;3.154;3.152;
0.20833333333333653;3.182;3.167;3.161;3.187;3.196;3.198;3.192;3.178;3.206;
0.20920502092050533;3.193;3.193;3.218;3.236;3.233;3.25;3.226;3.21;3.211;
0.21008403361344866;3.224;3.22;3.246;3.259;3.261;3.252;3.26;3.239;3.243;
0.21097046413502443;3.243;3.232;3.231;3.273;3.265;3.264;3.3;3.254;3.255;
0.2118644067796644;3.24;3.239;3.243;3.273;3.277;3.267;3.277;3.267;3.298;
0.21276595744681193;3.239;3.24;3.238;3.272;3.273;3.28;3.278;3.26;3.264;
0.21367521367521713;3.251;3.238;3.241;3.307;3.283;3.269;3.275;3.274;3.262;
0.2145922746781151;3.254;3.31;3.236;3.291;3.272;3.274;3.278;3.257;3.261;
0.21551724137931388;3.282;3.296;3.285;3.332;3.313;3.322;3.316;3.297;3.312;
0.21645021645022003;3.325;3.316;3.34;3.35;3.346;3.349;3.366;3.339;3.338;
0.21739130434782972;3.348;3.339;3.337;3.371;3.416;3.37;3.372;3.362;3.36;
0.21834061135371546;3.352;3.356;3.346;3.381;3.385;3.382;3.391;3.37;3.366;
0.2192982456140388;3.351;3.347;3.347;3.383;3.377;3.381;3.381;3.375;3.387;
0.2202643171806205;3.43;3.356;3.344;3.392;3.389;3.4;3.391;3.407;3.368;
0.22123893805310116;3.407;3.35;3.346;3.381;3.376;3.397;3.383;3.368;3.366;
0.2222222222222261;3.381;3.39;3.37;3.401;3.406;3.428;3.413;3.4;3.424;
0.2232142857142896;3.406;3.408;3.435;3.439;3.434;3.451;3.443;3.423;3.428;
0.22421524663677525;3.439;3.434;3.469;3.47;3.479;3.473;3.502;3.459;3.467;
0.22522522522522923;3.451;3.459;3.445;3.482;3.48;3.479;3.499;3.469;3.485;
0.22624434389140677;3.467;3.453;3.453;3.486;3.491;3.485;3.511;3.488;3.503;
0.22727272727273137;3.454;3.451;3.459;3.495;3.485;3.499;3.497;3.479;3.471;
0.22831050228310917;3.48;3.458;3.452;3.56;3.486;3.486;3.504;3.487;3.477;
0.22935779816514182;3.5;3.576;3.492;3.529;3.53;3.531;3.53;3.512;3.516;
0.23041474654378308;3.532;3.535;3.545;3.583;3.612;3.567;3.567;3.549;3.57;
0.2314814814814858;3.55;3.547;3.546;3.608;3.646;3.586;3.598;3.577;3.577;
0.2325581395348881;3.561;3.558;3.556;3.62;3.608;3.593;3.595;3.578;3.588;
0.23364485981308855;3.567;3.561;3.573;3.615;3.598;3.606;3.598;3.577;3.591;
0.23474178403756318;3.572;3.558;3.566;3.615;3.596;3.606;3.604;3.614;3.581;
0.23584905660377814;3.626;3.556;3.558;3.597;3.597;3.641;3.597;3.59;3.583;
0.23696682464455437;3.626;3.628;3.627;3.656;3.655;3.679;3.674;3.639;3.657;
0.23809523809524277;3.658;3.664;3.667;3.696;3.707;3.687;3.694;3.682;3.67;
0.2392344497607703;3.676;3.663;3.701;3.698;3.705;3.699;3.731;3.693;3.683;
0.2403846153846202;3.67;3.668;3.666;3.709;3.703;3.702;3.724;3.691;3.711;
0.2415458937198116;3.666;3.668;3.663;3.716;3.719;3.705;3.73;3.698;3.696;
0.24271844660194666;3.668;3.666;3.67;3.75;3.705;3.719;3.706;3.692;3.696;
0.24390243902439523;3.74;3.781;3.723;3.791;3.775;3.765;3.768;3.744;3.748;
0.24509803921569132;3.761;3.804;3.752;3.8;3.799;3.804;3.796;3.774;3.785;
0.24630541871921693;3.774;3.765;3.777;3.81;3.871;3.808;3.814;3.785;3.795;
0.2475247524752527;3.789;3.775;3.773;3.811;3.839;3.811;3.831;3.806;3.8;
0.2487562189054779;3.778;3.771;3.77;3.813;3.81;3.814;3.824;3.807;3.807;
0.25000000000000533;3.81;3.79;3.803;3.852;3.853;3.843;3.871;3.838;3.834;
0.2512562814070406;3.935;3.85;3.846;3.892;3.909;3.921;3.891;3.94;3.87;
0.252525252525258;3.881;3.881;3.864;3.918;3.911;3.921;3.909;3.896;3.888;
0.2538071065989903;3.883;3.882;3.876;3.935;3.942;3.922;3.924;3.908;3.913;
0.25510204081633214;3.892;3.881;3.928;3.921;3.92;3.929;3.943;3.91;3.926;
0.2564102564102621;3.886;3.893;3.875;3.92;3.929;3.914;3.931;3.901;3.942;
0.2577319587628924;3.948;3.957;3.937;3.982;3.989;3.981;4.025;3.978;3.969;
0.25906735751295923;3.975;3.995;3.97;4.069;4.013;4.013;4.098;4.009;3.994;
0.2604166666666726;3.998;4.02;3.983;4.042;4.022;4.018;4.192;4.007;4.005;
0.2617801047120479;3.99;3.993;3.988;4.03;4.032;4.027;4.178;4.009;4.017;
0.2631578947368482;3.991;3.99;3.999;4.03;4.091;4.025;4.238;4.022;4.02;
0.26455026455027075;4.046;4.043;4.048;4.091;4.128;4.086;4.286;4.067;4.071;
0.2659574468085169;4.077;4.08;4.087;4.126;4.117;4.115;4.343;4.1;4.117;
0.26737967914439137;4.112;4.083;4.093;4.145;4.134;4.168;4.246;4.149;4.111;
0.2688172043010817;4.166;4.103;4.098;4.137;4.136;4.154;4.244;4.122;4.117;
0.27027027027027684;4.105;4.093;4.094;4.149;4.137;4.135;4.233;4.116;4.133;
0.27173913043478926;4.159;4.151;4.204;4.201;4.212;4.192;4.307;4.175;4.179;
0.27322404371585374;4.185;4.18;4.198;4.234;4.228;4.232;4.323;4.209;4.229;
0.2747252747252815;4.2;4.198;4.21;4.244;4.263;4.242;4.39;4.233;4.243;
0.27624309392265883;4.199;4.199;4.206;4.296;4.25;4.252;4.287;4.233;4.226;
0.2777777777777848;4.235;4.28;4.223;4.293;4.275;4.268;4.33;4.249;4.253;
0.27932960893855463;4.278;4.304;4.276;4.322;4.319;4.317;4.403;4.299;4.308;
0.2808988764045016;4.309;4.3;4.311;4.345;4.386;4.339;4.397;4.334;4.327;
0.282485875706222;4.323;4.308;4.303;4.356;4.386;4.351;4.404;4.346;4.335;
0.2840909090909165;4.309;4.305;4.305;4.4;4.359;4.346;4.431;4.333;4.346;
0.28571428571429325;4.424;4.365;4.361;4.415;4.411;4.454;4.433;4.451;4.393;
0.2873563218390881;4.46;4.399;4.396;4.443;4.441;4.442;4.494;4.424;4.433;
0.28901734104047017;4.429;4.411;4.433;4.465;4.468;4.465;4.512;4.444;4.453;
0.29069767441861255;4.419;4.419;4.528;4.457;4.465;4.46;4.504;4.445;4.448;
0.2923976608187214;4.477;4.479;4.519;4.518;4.522;4.516;4.583;4.504;4.549;
0.29411764705883164;4.505;4.498;4.555;4.629;4.55;4.561;4.715;4.545;4.533;
0.2958579881656887;4.539;4.53;4.568;4.598;4.564;4.625;4.639;4.559;4.545;
0.297619047619056;4.526;4.603;4.567;4.569;4.572;4.572;4.647;4.592;4.549;
0.2994011976047989;4.583;4.577;4.641;4.627;4.676;4.62;4.744;4.618;4.613;
0.30120481927711706;4.617;4.61;4.659;4.663;4.671;4.651;4.758;4.634;4.651;
0.30303030303031175;4.631;4.635;4.696;4.686;4.673;4.676;4.859;4.652;4.666;
0.3048780487804967;4.703;4.626;4.685;4.671;4.674;4.723;4.825;4.695;4.659;
0.3067484662576777;4.717;4.712;4.738;4.738;4.736;4.754;4.78;4.726;4.797;
0.3086419753086511;4.725;4.723;4.805;4.77;4.792;4.767;4.84;4.75;4.755;
0.3105590062111894;4.741;4.735;4.802;4.792;4.781;4.779;4.851;4.776;4.765;
0.3125000000000094;4.768;4.759;4.825;4.813;4.817;4.829;4.839;4.798;4.817;
0.314465408805041;4.815;4.808;4.871;4.927;4.863;4.861;4.887;4.849;4.86;
0.31645569620254127;4.88;4.904;4.888;4.895;4.885;4.901;4.924;4.859;4.87;
0.3184713375796276;4.849;4.853;4.913;4.893;4.939;4.888;4.922;4.871;4.881;
0.32051282051283037;4.916;4.903;4.958;4.948;4.973;4.945;5.017;4.939;4.943;
0.3225806451613003;4.942;4.941;4.993;4.985;4.992;5.009;5.022;4.971;4.987;
0.3246753246753348;4.965;4.945;5.01;5.008;5.007;5.045;5.022;5.039;4.976;
0.32679738562092525;5.069;4.996;5.041;5.037;5.038;5.056;5.067;5.018;5.033;
0.328947368421063;5.039;5.039;5.12;5.086;5.1;5.092;5.171;5.074;5.083;
0.33112582781458;5.074;5.073;5.127;5.103;5.106;5.105;5.199;5.088;5.095;
0.333333333333344;5.09;5.091;5.147;5.139;5.137;5.305;5.168;5.127;5.158;
0.33557046979866845;5.134;5.137;5.185;5.26;5.179;5.186;5.424;5.17;5.18;
0.3378378378378487;5.172;5.227;5.208;5.207;5.203;5.208;5.523;5.182;5.199;
0.34013605442177974;5.164;5.163;5.226;5.215;5.272;5.209;5.431;5.194;5.202;
0.34246575342466873;5.239;5.236;5.293;5.288;5.305;5.296;5.323;5.264;5.277;
0.3448275862069079;5.272;5.271;5.335;5.328;5.317;5.326;5.342;5.314;5.317;
0.3472222222222337;5.372;5.285;5.358;5.345;5.355;5.381;5.382;5.347;5.321;
0.3496503496503613;5.386;5.367;5.41;5.417;5.415;5.43;5.498;5.386;5.404;
0.3521126760563498;5.456;5.373;5.478;5.438;5.426;5.425;5.531;5.412;5.408;
0.35460992907802613;5.429;5.416;5.477;5.468;5.502;5.47;5.518;5.461;5.49;
0.35714285714286925;5.472;5.461;5.529;5.582;5.527;5.53;5.58;5.509;5.501;
0.3597122302158396;5.507;5.519;5.536;5.575;5.543;5.544;5.685;5.513;5.522;
0.3623188405797226;5.546;5.573;5.61;5.606;5.641;5.594;5.95;5.575;5.592;
0.36496350364964764;5.593;5.583;5.635;5.631;5.666;5.629;5.848;5.618;5.644;
0.3676470588235422;5.596;5.591;5.653;5.653;5.655;5.639;5.756;5.636;5.638;
0.37037037037038334;5.756;5.691;5.732;5.729;5.731;5.785;5.791;5.749;5.7;
0.3731343283582221;5.694;5.697;5.75;5.743;5.755;5.767;6.003;5.723;5.737;
0.3759398496240735;5.758;5.753;5.895;5.806;5.809;5.815;5.981;5.798;5.815;
0.37878787878789233;5.805;5.8;5.855;5.858;5.853;5.853;5.959;5.841;5.857;
0.38167938931299084;5.804;5.805;5.872;5.92;5.864;5.858;6.016;5.839;5.833;
0.38461538461539857;5.911;5.982;5.951;5.948;5.955;5.95;6.122;5.921;5.926;
0.3875968992248203;5.914;5.914;5.985;6.028;6.031;5.966;6.06;5.954;5.965;
0.3906250000000143;5.971;5.971;6.035;6.041;6.035;6.035;6.064;6.001;6.024;
0.39370078740158937;6.04;6.012;6.081;6.084;6.074;6.117;6.115;6.081;6.049;
0.3968253968254116;6.157;6.088;6.145;6.145;6.138;6.154;6.214;6.114;6.16;
0.400000000000015;6.122;6.112;6.227;6.179;6.19;6.177;6.288;6.157;6.147;
0.40322580645162814;6.192;6.176;6.237;6.231;6.239;6.227;6.261;6.216;6.238;
0.4065040650406659;6.229;6.211;6.288;6.343;6.283;6.291;6.314;6.262;6.278;
0.4098360655737862;6.296;6.343;6.339;6.342;6.411;6.345;6.384;6.304;6.323;
0.4132231404958837;6.343;6.338;6.402;6.391;6.434;6.386;6.44;6.372;6.422;
0.4166666666666829;6.4;6.367;6.437;6.429;6.449;6.441;6.635;6.421;6.437;
0.42016806722690725;6.46;6.426;6.494;6.513;6.492;6.538;6.804;6.515;6.47;
0.4237288135593388;6.561;6.497;6.561;6.549;6.556;6.564;6.827;6.527;6.542;
0.4273504273504444;6.558;6.543;6.679;6.595;6.602;6.602;6.828;6.573;6.589;
0.431034482758638;6.616;6.608;6.663;6.653;6.663;6.666;6.907;6.645;6.658;
0.43478260869566976;6.681;6.653;6.721;6.798;6.715;6.708;7.116;6.707;6.688;
0.4385964912280881;6.743;6.781;6.792;6.784;6.825;6.784;7.046;6.757;6.763;
0.44247787610621286;6.769;6.768;6.817;6.817;6.86;6.817;6.977;6.796;6.802;
0.44642857142858994;6.844;6.841;6.911;6.903;6.894;6.94;7.032;6.896;6.88;
0.4504504504504693;6.963;6.886;6.935;6.942;6.93;6.958;6.991;6.918;6.911;
0.4545454545454737;6.994;6.971;7.205;7.039;7.035;7.027;7.136;6.995;7.002;
0.45871559633029474;7.044;7.016;7.1;7.091;7.097;7.085;7.131;7.078;7.093;
0.4629629629629828;7.094;7.072;7.154;7.188;7.152;7.163;7.202;7.126;7.124;
0.4672897196261884;7.177;7.206;7.232;7.227;7.241;7.223;7.299;7.194;7.2;
0.4716981132075677;7.22;7.199;7.264;7.259;7.316;7.262;7.31;7.24;7.263;
0.47619047619049715;7.302;7.29;7.356;7.367;7.422;7.385;7.4;7.367;7.341;
0.4807692307692521;7.509;7.361;7.431;7.438;7.433;7.453;7.497;7.41;7.416;
0.4854368932039052;7.434;7.436;7.539;7.474;7.487;7.483;7.608;7.455;7.47;
0.4901960784313947;7.52;7.522;7.576;7.582;7.581;7.58;7.616;7.561;7.576;
0.49504950495051764;7.609;7.581;7.669;7.716;7.655;7.642;7.702;7.637;7.626;
0.500000000000023;7.679;7.718;7.751;7.737;7.811;7.729;7.809;7.697;7.716;
0.5050505050505285;7.737;7.724;7.802;7.802;7.82;7.802;7.842;7.772;7.786;
0.5102040816326769;7.828;7.809;7.902;7.894;7.88;7.93;7.933;7.882;7.865;
0.5154639175257976;7.973;7.906;8.03;7.982;7.984;7.976;8.029;7.948;7.96;
0.5208333333333582;7.985;7.962;8.071;8.06;8.063;8.051;8.077;8.017;8.038;
0.5263157894737096;8.059;8.036;8.119;8.181;8.124;8.136;8.173;8.095;8.096;
0.5319148936170471;8.179;8.226;8.228;8.227;8.27;8.233;8.298;8.177;8.19;
0.537634408602177;8.271;8.237;8.32;8.326;8.334;8.387;8.354;8.304;8.297;
0.5434782608695923;8.356;8.334;8.407;8.413;8.543;8.464;8.444;8.422;8.385;
0.549450549450577;8.479;8.423;8.566;8.497;8.514;8.511;8.555;8.482;8.485;
0.5555555555555838;8.531;8.518;8.604;8.593;8.594;8.591;8.637;8.551;8.571;
0.5617977528090176;8.598;8.581;8.659;8.734;8.659;8.673;8.724;8.645;8.628;
0.5681818181818477;8.719;8.762;8.774;8.771;8.835;8.768;8.833;8.724;8.742;
0.574712643678191;8.809;8.788;8.898;8.882;8.902;8.873;8.87;8.854;8.868;
0.5813953488372401;8.995;8.902;8.99;8.986;8.983;9.03;9.002;8.985;8.95;
0.5882352941176785;9.054;9.075;9.137;9.101;9.106;9.105;9.121;9.073;9.062;
0.5952380952381274;9.142;9.108;9.228;9.227;9.209;9.212;9.215;9.163;9.19;
0.6024096385542498;9.247;9.218;9.309;9.324;9.311;9.323;9.332;9.281;9.285;
0.6097560975610093;9.347;9.418;9.431;9.415;9.511;9.433;9.435;9.389;9.395;
0.6172839506173184;9.474;9.435;9.529;9.533;9.534;9.586;9.482;9.544;9.52;
0.6250000000000354;9.65;9.582;9.727;9.679;9.67;9.734;9.658;9.62;9.655;
0.6329113924050995;9.716;9.7;9.782;9.796;9.804;9.801;9.77;9.902;9.796;
0.6410256410256782;9.87;9.827;9.922;10.001;9.928;9.926;9.959;9.894;9.891;
0.6493506493506874;9.973;10.008;10.045;10.044;10.1;10.053;10.055;10.004;10.026;
0.6578947368421444;10.092;10.068;10.185;10.18;10.152;10.223;10.14;10.177;10.142;
0.6666666666667068;10.331;10.269;10.364;10.325;10.314;10.334;10.287;10.278;10.331;
0.6756756756757168;10.376;10.344;10.459;10.506;10.456;10.457;10.4;10.428;10.452;
0.6849315068493573;10.525;10.482;10.597;10.615;10.578;10.604;10.57;10.542;10.572;
0.6944444444444878;10.673;10.71;10.772;10.759;10.788;10.741;10.726;10.732;10.71;
0.7042253521127206;10.818;10.783;10.887;10.902;10.893;10.967;10.856;10.898;10.859;
0.7142857142857602;11.019;10.967;11.089;11.036;11.04;11.049;10.998;10.997;11.018;
0.7246376811594675;11.146;11.123;11.218;11.312;11.216;11.235;11.173;11.193;11.248;
0.7352941176471074;11.294;11.342;11.374;11.378;11.445;11.373;11.35;11.31;11.35;
0.7462686567164678;11.464;11.431;11.575;11.565;11.596;11.594;11.501;11.741;11.538;
0.757575757575809;11.722;11.634;11.803;11.759;11.752;11.787;11.696;11.697;11.712;
0.7692307692308222;11.819;11.774;12.008;11.966;11.922;11.915;11.859;11.871;11.89;
0.7812500000000546;12.01;11.986;12.094;12.141;12.141;12.1;12.251;12.05;12.053;
0.79365079365085;12.211;12.247;12.284;12.309;12.315;12.326;12.988;12.28;12.266;
0.8064516129032839;12.515;12.513;12.587;12.553;12.535;12.581;13.709;12.545;12.588;
0.819672131147601;12.632;12.636;12.783;12.828;12.751;12.77;13.616;12.729;12.947;
0.8333333333333952;12.855;12.883;13.002;13.008;13.017;12.964;13.534;12.929;12.985;
0.8474576271187081;13.056;13.078;13.235;13.197;13.244;13.248;13.421;13.189;13.229;
0.8620689655173075;13.375;13.278;13.544;13.428;13.422;13.481;13.709;13.383;13.381;
0.8771929824562088;13.504;13.493;13.652;13.726;13.657;13.663;13.732;13.63;13.654;
0.8928571428572137;13.781;13.811;13.873;13.872;13.96;13.878;13.881;13.824;13.854;
0.9090909090909824;14.011;14.012;14.115;14.135;14.119;14.205;14.138;14.144;14.269;
0.925925925926002;14.33;14.268;14.468;14.404;14.421;14.43;14.39;14.358;14.441;
0.9433962264151733;14.526;14.512;14.667;14.701;14.685;14.666;14.651;14.647;14.605;
0.9615384615385435;14.793;14.865;14.965;14.943;14.978;15.006;14.904;14.911;14.94;
0.9803921568628302;15.248;15.117;15.353;15.29;15.253;15.275;15.268;15.24;15.211;
