0.1;1.791;1.447;1.438;1.424;1.418;
0.1000667111407605;1.701;1.448;1.437;1.421;1.42;
0.10013351134846461;1.587;1.446;1.437;1.421;1.442;
0.1002004008016032;1.663;1.445;1.438;1.419;1.421;
0.10026737967914437;1.514;1.45;1.442;1.424;1.422;
0.10033444816053509;1.529;1.451;1.444;1.425;1.425;
0.10040160642570278;1.599;1.504;1.491;1.442;1.44;
0.10046885465505691;1.556;1.459;1.464;1.514;1.467;
0.10053619302949059;1.579;1.459;1.455;1.441;1.438;
0.10060362173038226;1.559;1.467;1.45;1.433;1.436;
0.10067114093959728;1.551;1.459;1.451;1.433;1.432;
0.10073875083948955;1.519;1.457;1.453;1.433;1.433;
0.10080645161290318;1.534;1.459;1.451;1.433;1.43;
0.10087424344317412;1.574;1.462;1.472;1.432;1.44;
0.10094212651413184;1.641;1.458;1.451;1.432;1.429;
0.10101010101010095;1.59;1.459;1.451;1.438;1.43;
0.10107816711590291;1.545;1.464;1.458;1.439;1.431;
0.10114632501685765;1.511;1.46;1.451;1.448;1.429;
0.10121457489878535;1.514;1.457;1.452;1.435;1.432;
0.10128291694800803;1.513;1.46;1.454;1.432;1.455;
0.10135135135135127;1.501;1.458;1.451;1.436;1.436;
0.10141987829614596;1.508;1.457;1.451;1.431;1.43;
0.10148849797022995;1.5;1.464;1.45;1.433;1.431;
0.10155721056194981;1.51;1.475;1.451;1.438;1.43;
0.1016260162601625;1.512;1.458;1.485;1.439;1.429;
0.10169491525423718;1.5;1.459;1.453;1.432;1.437;
0.10176390773405689;1.48;1.461;1.454;1.432;1.429;
0.10183299389002026;1.481;1.459;1.451;1.432;1.431;
0.10190217391304336;1.485;1.457;1.451;1.434;1.43;
0.10197144799456141;1.48;1.462;1.45;1.433;1.43;
0.10204081632653049;1.48;1.459;1.464;1.432;1.436;
0.10211027910142942;1.477;1.457;1.451;1.435;1.431;
0.10217983651226145;1.505;1.465;1.457;1.455;1.43;
0.1022494887525561;1.497;1.458;1.452;1.443;1.452;
0.10231923601637094;1.521;1.462;1.454;1.436;1.43;
0.10238907849829337;1.485;1.457;1.45;1.433;1.434;
0.10245901639344247;1.483;1.458;1.45;1.435;1.452;
0.1025290498974708;1.48;1.456;1.45;1.434;1.435;
0.1025991792065662;1.478;1.458;1.45;1.435;1.43;
0.10266940451745364;1.479;1.468;1.45;1.433;1.432;
0.1027397260273971;1.48;1.464;1.45;1.438;1.431;
0.10281014393420135;1.478;1.458;1.477;1.435;1.43;
0.10288065843621383;1.482;1.461;1.45;1.435;1.435;
0.10295126973232653;1.483;1.458;1.45;1.432;1.434;
0.10302197802197785;1.481;1.458;1.452;1.434;1.43;
0.10309278350515445;1.478;1.457;1.451;1.432;1.429;
0.10316368638239322;1.477;1.463;1.462;1.431;1.429;
0.10323468685478301;1.477;1.458;1.454;1.432;1.432;
0.10330578512396675;1.477;1.46;1.45;1.431;1.429;
0.10337698139214314;1.486;1.465;1.455;1.451;1.433;
0.10344827586206876;1.505;1.475;1.451;1.445;1.434;
0.10351966873705984;1.493;1.459;1.451;1.433;1.429;
0.10359116022099427;1.478;1.461;1.453;1.434;1.433;
0.10366275051831354;1.499;1.46;1.453;1.433;1.466;
0.10373443983402468;1.478;1.458;1.45;1.432;1.435;
0.1038062283737022;1.477;1.461;1.45;1.435;1.43;
0.10387811634349008;1.478;1.472;1.45;1.432;1.43;
0.10395010395010372;1.478;1.459;1.461;1.459;1.435;
0.10402219140083194;1.479;1.459;1.465;1.453;1.431;
0.10409437890353897;1.482;1.467;1.454;1.432;1.437;
0.10416666666666642;1.486;1.459;1.45;1.432;1.43;
0.10423905489923532;1.486;1.457;1.45;1.432;1.43;
0.10431154381084815;1.485;1.462;1.451;1.432;1.429;
0.10438413361169076;1.478;1.458;1.453;1.433;1.432;
0.10445682451253456;1.48;1.459;1.452;1.436;1.431;
0.1045296167247384;1.484;1.463;1.45;1.433;1.43;
0.10460251046025078;1.505;1.458;1.456;1.453;1.43;
0.10467550593161172;1.487;1.46;1.45;1.434;1.432;
0.10474860335195503;1.479;1.457;1.45;1.44;1.43;
0.1048218029350102;1.486;1.459;1.449;1.433;1.433;
0.1048951048951046;1.48;1.459;1.45;1.433;1.449;
0.10496850944716556;1.478;1.457;1.452;1.432;1.435;
0.10504201680672239;1.519;1.509;1.495;1.485;1.473;
0.10511562718990859;1.518;1.503;1.493;1.48;1.471;
0.10518934081346393;1.522;1.499;1.511;1.479;1.471;
0.10526315789473653;1.543;1.516;1.513;1.486;1.488;
0.10533707865168507;1.542;1.517;1.511;1.491;1.527;
0.1054111033028809;1.537;1.517;1.512;1.492;1.493;
0.10548523206751022;1.537;1.519;1.51;1.49;1.49;
0.10555946516537616;1.555;1.538;1.541;1.515;1.508;
0.10563380281690107;1.556;1.537;1.534;1.509;1.508;
0.10570824524312862;1.562;1.54;1.529;1.51;1.519;
0.10578279266572603;1.605;1.538;1.534;1.51;1.51;
0.10585744530698624;1.569;1.548;1.541;1.554;1.547;
0.10593220338983016;1.568;1.576;1.544;1.523;1.52;
0.10600706713780883;1.569;1.548;1.543;1.529;1.524;
0.10608203677510572;1.572;1.548;1.54;1.522;1.538;
0.10615711252653891;1.572;1.554;1.541;1.522;1.53;
0.10623229461756337;1.568;1.57;1.541;1.52;1.519;
0.10630758327427318;1.568;1.551;1.541;1.521;1.522;
0.10638297872340387;1.571;1.548;1.578;1.528;1.538;
0.1064584811923346;1.568;1.554;1.541;1.528;1.519;
0.10653409090909051;1.581;1.549;1.546;1.521;1.536;
0.10660980810234502;1.572;1.55;1.541;1.521;1.519;
0.10668563300142207;1.576;1.55;1.543;1.523;1.526;
0.10676156583629852;1.571;1.548;1.547;1.522;1.52;
0.10683760683760642;1.574;1.549;1.544;1.521;1.519;
0.10691375623663536;1.593;1.557;1.543;1.523;1.524;
0.1069900142653348;1.571;1.564;1.546;1.521;1.52;
0.10706638115631649;1.575;1.548;1.54;1.556;1.521;
0.1071428571428567;1.568;1.55;1.54;1.526;1.523;
0.10721944245889878;1.57;1.549;1.541;1.521;1.524;
0.10729613733905535;1.568;1.549;1.54;1.525;1.538;
0.10737294201861086;1.57;1.552;1.541;1.521;1.527;
0.1074498567335239;1.568;1.575;1.54;1.521;1.519;
0.10752688172042965;1.569;1.549;1.545;1.521;1.519;
0.10760401721664228;1.574;1.552;1.556;1.528;1.52;
0.10768126346015747;1.574;1.561;1.542;1.529;1.519;
0.1077586206896547;1.574;1.56;1.547;1.527;1.543;
0.10783608914449988;1.574;1.555;1.55;1.528;1.528;
0.10791366906474771;1.575;1.556;1.549;1.528;1.526;
0.10799136069114422;1.618;1.562;1.558;1.534;1.532;
0.10806916426512919;1.601;1.561;1.555;1.533;1.531;
0.10814708002883872;1.586;1.578;1.557;1.534;1.537;
0.10822510822510772;1.584;1.564;1.555;1.547;1.533;
0.10830324909747241;1.587;1.571;1.559;1.565;1.539;
0.1083815028901729;1.589;1.566;1.565;1.542;1.537;
0.10845986984815566;1.588;1.566;1.563;1.541;1.539;
0.10853835021707617;1.588;1.567;1.559;1.539;1.554;
0.10861694424330143;1.587;1.585;1.559;1.54;1.541;
0.10869565217391251;1.588;1.568;1.559;1.54;1.538;
0.10877447425670722;1.588;1.565;1.573;1.539;1.538;
0.10885341074020265;1.598;1.577;1.568;1.548;1.539;
0.1089324618736378;1.589;1.567;1.561;1.548;1.538;
0.10901162790697619;1.586;1.568;1.559;1.54;1.544;
0.10909090909090853;1.59;1.569;1.56;1.54;1.538;
0.10917030567685533;1.607;1.568;1.56;1.54;1.54;
0.10924981791696957;1.61;1.566;1.573;1.54;1.539;
0.10932944606413936;1.592;1.572;1.56;1.54;1.538;
0.10940919037199066;1.589;1.568;1.564;1.542;1.552;
0.10948905109488992;1.588;1.566;1.559;1.557;1.538;
0.1095690284879468;1.588;1.566;1.559;1.55;1.543;
0.10964912280701694;1.588;1.567;1.559;1.543;1.537;
0.10972933430870459;1.587;1.566;1.56;1.541;1.54;
0.10980966325036542;1.588;1.567;1.56;1.542;1.552;
0.10989010989010928;1.587;1.584;1.559;1.54;1.545;
0.1099706744868029;1.591;1.566;1.559;1.539;1.538;
0.11005135730007273;1.589;1.571;1.577;1.546;1.539;
0.11013215859030774;1.589;1.569;1.559;1.54;1.536;
0.11021307861866211;1.587;1.566;1.558;1.542;1.543;
0.11029411764705818;1.587;1.568;1.562;1.542;1.55;
0.11037527593818919;1.597;1.568;1.56;1.54;1.537;
0.11045655375552217;1.606;1.57;1.568;1.54;1.537;
0.11053795136330073;1.589;1.571;1.559;1.54;1.539;
0.110619469026548;1.588;1.565;1.559;1.542;1.541;
0.11070110701106944;1.586;1.568;1.562;1.541;1.54;
0.11078286558345575;1.589;1.572;1.559;1.563;1.538;
0.11086474501108579;1.588;1.566;1.566;1.541;1.539;
0.11094674556212948;1.588;1.566;1.558;1.544;1.538;
0.11102886750555074;1.586;1.576;1.559;1.541;1.538;
0.11111111111111041;1.59;1.586;1.559;1.542;1.563;
0.1111934766493692;1.591;1.566;1.558;1.541;1.538;
0.11127596439169068;1.6;1.57;1.571;1.542;1.539;
0.11135857461024427;1.591;1.576;1.57;1.549;1.537;
0.11144130757800819;1.588;1.566;1.564;1.546;1.538;
0.1115241635687725;1.588;1.569;1.559;1.541;1.538;
0.11160714285714213;1.587;1.567;1.56;1.543;1.544;
0.11169024571853983;1.601;1.566;1.56;1.54;1.538;
0.11177347242920939;1.594;1.566;1.564;1.54;1.537;
0.11185682326621849;1.592;1.572;1.56;1.55;1.539;
0.11194029850746193;1.588;1.568;1.565;1.543;1.539;
0.11202389843166466;1.588;1.567;1.559;1.54;1.539;
0.11210762331838488;1.588;1.568;1.558;1.571;1.539;
0.11219147344801718;1.587;1.565;1.558;1.545;1.538;
0.11227544910179563;1.587;1.565;1.558;1.539;1.538;
0.11235955056179696;1.587;1.577;1.559;1.541;1.547;
0.11244377811094373;1.591;1.569;1.56;1.54;1.555;
0.11252813203300745;1.638;1.605;1.601;1.581;1.579;
0.11261261261261181;1.633;1.613;1.622;1.581;1.579;
0.11269722013523585;1.63;1.608;1.601;1.591;1.579;
0.11278195488721722;1.643;1.622;1.616;1.598;1.606;
0.11286681715575539;1.652;1.629;1.622;1.6;1.601;
0.11295180722891483;1.665;1.628;1.619;1.6;1.603;
0.1130369253956284;1.648;1.627;1.624;1.601;1.596;
0.11312217194570051;1.665;1.651;1.64;1.618;1.622;
0.11320754716981048;1.666;1.644;1.641;1.617;1.615;
0.11329305135951576;1.665;1.644;1.639;1.617;1.62;
0.11337868480725537;1.678;1.662;1.653;1.669;1.628;
0.11346444780635315;1.678;1.658;1.651;1.63;1.63;
0.11355034065102108;1.737;1.656;1.655;1.633;1.626;
0.11363636363636276;1.713;1.679;1.65;1.63;1.628;
0.11372251705837667;1.712;1.659;1.649;1.632;1.648;
0.11380880121395966;1.688;1.657;1.656;1.629;1.626;
0.11389521640091026;1.686;1.672;1.671;1.63;1.626;
0.11398176291793223;1.718;1.657;1.654;1.639;1.627;
0.11406844106463787;1.69;1.659;1.649;1.638;1.627;
0.11415525114155159;1.699;1.66;1.65;1.63;1.634;
0.11424219345011331;1.688;1.657;1.651;1.629;1.627;
0.114329268292682;1.683;1.657;1.653;1.629;1.63;
0.11441647597253911;1.676;1.668;1.65;1.63;1.628;
0.11450381679389218;1.68;1.657;1.655;1.632;1.63;
0.11459129106187835;1.677;1.659;1.649;1.631;1.629;
0.11467889908256786;1.679;1.658;1.653;1.659;1.628;
0.11476664116296767;1.678;1.658;1.65;1.657;1.632;
0.11485451761102507;1.68;1.659;1.65;1.632;1.627;
0.11494252873563121;1.685;1.669;1.65;1.63;1.63;
0.11503067484662478;1.677;1.657;1.653;1.634;1.652;
0.11511895625479564;1.676;1.664;1.654;1.629;1.627;
0.1152073732718884;1.677;1.659;1.661;1.629;1.627;
0.11529592621060622;1.683;1.657;1.651;1.638;1.627;
0.11538461538461438;1.693;1.666;1.656;1.64;1.642;
0.11547344110854402;1.717;1.664;1.658;1.636;1.64;
0.11556240369799589;1.685;1.666;1.66;1.638;1.637;
0.11565150346954407;1.687;1.671;1.657;1.636;1.634;
0.1157407407407397;1.692;1.669;1.661;1.642;1.641;
0.1158301158301148;1.691;1.67;1.669;1.645;1.64;
0.11591962905718597;1.692;1.673;1.664;1.667;1.643;
0.11600928074245834;1.698;1.675;1.672;1.687;1.645;
0.11609907120742928;1.701;1.677;1.67;1.65;1.647;
0.11618900077459227;1.703;1.689;1.691;1.65;1.646;
0.11627906976744079;1.7;1.678;1.671;1.648;1.646;
0.11636927851047216;1.699;1.676;1.669;1.648;1.662;
0.11645962732919146;1.705;1.681;1.687;1.648;1.647;
0.11655011655011545;1.697;1.676;1.668;1.649;1.645;
0.11664074650077651;1.717;1.678;1.673;1.657;1.646;
0.11673151750972652;1.716;1.688;1.669;1.655;1.646;
0.11682242990654094;1.701;1.676;1.668;1.65;1.655;
0.11691348402182272;1.696;1.676;1.681;1.648;1.645;
0.11700468018720636;1.7;1.684;1.67;1.649;1.645;
0.11709601873536186;1.699;1.675;1.674;1.648;1.646;
0.11718749999999886;1.697;1.681;1.668;1.651;1.646;
0.11727912431587062;1.697;1.676;1.668;1.648;1.648;
0.11737089201877818;1.7;1.675;1.673;1.68;1.646;
0.1174628034455744;1.701;1.68;1.669;1.65;1.649;
0.1175548589341681;1.697;1.691;1.668;1.651;1.645;
0.11764705882352823;1.698;1.677;1.67;1.649;1.66;
0.11773940345368798;1.696;1.684;1.668;1.649;1.652;
0.117831893165749;1.698;1.68;1.689;1.648;1.645;
0.11792452830188559;1.699;1.676;1.668;1.665;1.677;
0.1180173092053489;1.737;1.679;1.672;1.65;1.646;
0.11811023622047123;1.697;1.678;1.669;1.653;1.646;
0.11820330969267018;1.696;1.68;1.671;1.65;1.659;
0.11829652996845302;1.696;1.683;1.682;1.649;1.645;
0.11838989739542102;1.696;1.675;1.668;1.649;1.646;
0.11848341232227363;1.697;1.678;1.674;1.649;1.648;
0.11857707509881298;1.697;1.675;1.668;1.649;1.651;
0.11867088607594811;1.698;1.675;1.673;1.659;1.652;
0.11876484560569944;1.705;1.675;1.675;1.665;1.648;
0.11885895404120317;1.698;1.696;1.669;1.657;1.645;
0.11895321173671561;1.696;1.678;1.668;1.651;1.648;
0.11904761904761776;1.701;1.676;1.668;1.65;1.665;
0.11914217633041967;1.703;1.685;1.728;1.649;1.652;
0.11923688394276499;1.699;1.676;1.675;1.649;1.645;
0.11933174224343544;1.728;1.68;1.671;1.658;1.653;
0.11942675159235537;1.697;1.678;1.669;1.661;1.646;
0.11952191235059628;1.696;1.676;1.67;1.648;1.645;
0.11961722488038144;1.698;1.681;1.676;1.648;1.656;
0.11971268954509044;1.696;1.678;1.67;1.648;1.648;
0.11980830670926383;1.699;1.676;1.676;1.648;1.646;
0.11990407673860776;1.703;1.676;1.668;1.649;1.645;
0.11999999999999864;1.724;1.702;1.698;1.679;1.669;
0.12009607686148782;1.744;1.721;1.709;1.711;1.687;
0.12019230769230631;1.739;1.722;1.711;1.695;1.694;
0.1202886928628695;1.744;1.733;1.715;1.696;1.696;
0.12038523274478191;1.757;1.737;1.728;1.707;1.708;
0.12048192771084197;1.758;1.741;1.727;1.71;1.726;
0.12057877813504682;1.777;1.737;1.743;1.709;1.724;
0.12067578439259713;1.789;1.753;1.746;1.725;1.723;
0.12077294685990196;1.774;1.758;1.749;1.733;1.726;
0.12087026591458358;1.775;1.754;1.748;1.731;1.729;
0.12096774193548243;1.786;1.774;1.763;1.738;1.742;
0.12106537530266198;1.785;1.771;1.761;1.737;1.745;
0.12116316639741373;1.786;1.767;1.758;1.74;1.735;
0.12126111560226208;1.786;1.771;1.765;1.737;1.736;
0.1213592233009694;1.789;1.765;1.762;1.737;1.739;
0.12145748987854103;1.797;1.776;1.759;1.752;1.738;
0.12155591572123027;1.787;1.783;1.758;1.754;1.763;
0.12165450121654352;1.787;1.769;1.758;1.742;1.735;
0.12175324675324525;1.792;1.766;1.759;1.737;1.735;
0.12185215272136322;1.793;1.769;1.762;1.737;1.762;
0.1219512195121936;1.831;1.766;1.77;1.737;1.739;
0.12205044751830604;1.793;1.767;1.76;1.738;1.736;
0.12214983713354895;1.842;1.767;1.76;1.742;1.734;
0.12224938875305469;1.789;1.765;1.76;1.747;1.734;
0.12234910277324478;1.788;1.769;1.763;1.738;1.741;
0.12244897959183518;1.787;1.782;1.762;1.736;1.736;
0.12254901960784156;1.787;1.767;1.764;1.738;1.736;
0.12264922322158468;1.788;1.766;1.759;1.738;1.735;
0.12274959083469562;1.795;1.765;1.759;1.74;1.736;
0.12285012285012126;1.787;1.765;1.759;1.749;1.739;
0.12295081967212955;1.79;1.784;1.759;1.75;1.741;
0.12305168170631504;1.787;1.766;1.759;1.738;1.734;
0.12315270935960429;1.836;1.774;1.766;1.743;1.742;
0.1232539030402613;1.827;1.774;1.782;1.746;1.759;
0.1233552631578931;1.797;1.773;1.774;1.745;1.744;
0.12345679012345515;1.8;1.783;1.774;1.75;1.747;
0.123558484349257;1.801;1.779;1.773;1.755;1.748;
0.12366034624896784;1.8;1.781;1.774;1.752;1.748;
0.1237623762376221;1.807;1.791;1.781;1.756;1.759;
0.12386457473162507;1.808;1.784;1.778;1.755;1.756;
0.12396694214875864;1.811;1.79;1.783;1.755;1.754;
0.12406947890818688;1.805;1.784;1.778;1.755;1.756;
0.12417218543046186;1.815;1.784;1.781;1.754;1.757;
0.12427506213752935;1.805;1.793;1.784;1.773;1.757;
0.1243781094527346;1.812;1.795;1.777;1.765;1.758;
0.12448132780082814;1.806;1.784;1.777;1.759;1.754;
0.12458471760797168;1.818;1.786;1.779;1.756;1.754;
0.12468827930174389;1.82;1.784;1.805;1.756;1.769;
0.12479201331114632;1.806;1.792;1.782;1.756;1.757;
0.12489592006660939;1.804;1.785;1.776;1.756;1.753;
0.12499999999999822;1.805;1.784;1.778;1.764;1.755;
0.12510425354461874;1.806;1.789;1.797;1.766;1.753;
0.12520868113522357;1.805;1.788;1.785;1.755;1.761;
0.12531328320801824;1.805;1.784;1.777;1.756;1.754;
0.1254180602006671;1.808;1.786;1.785;1.756;1.753;
0.12552301255229945;1.812;1.784;1.777;1.756;1.753;
0.12562814070351574;1.808;1.784;1.777;1.763;1.754;
0.1257334450963938;1.805;1.796;1.778;1.774;1.766;
0.1258389261744948;1.805;1.789;1.777;1.76;1.757;
0.12594458438286968;1.81;1.784;1.778;1.756;1.753;
0.12605042016806536;1.82;1.792;1.779;1.755;1.756;
0.126156433978131;1.808;1.783;1.794;1.757;1.77;
0.12626262626262438;1.81;1.786;1.778;1.755;1.758;
0.12636899747261815;1.805;1.786;1.781;1.759;1.754;
0.12647554806070635;1.806;1.787;1.779;1.755;1.756;
0.12658227848101075;1.807;1.791;1.782;1.761;1.757;
0.12668918918918726;1.806;1.785;1.782;1.762;1.759;
0.12679628064243256;1.81;1.789;1.779;1.758;1.758;
0.12690355329949043;1.81;1.784;1.782;1.755;1.753;
0.1270110076206585;1.809;1.791;1.783;1.755;1.757;
0.12711864406779466;1.806;1.789;1.779;1.756;1.758;
0.12722646310432373;1.81;1.802;1.777;1.794;1.761;
0.1273344651952442;1.818;1.785;1.777;1.761;1.757;
0.1274426508071348;1.82;1.787;1.777;1.758;1.753;
0.12755102040816127;1.853;1.83;1.829;1.799;1.797;
0.1276595744680831;1.848;1.83;1.831;1.798;1.82;
0.12776831345826034;1.849;1.827;1.821;1.798;1.797;
0.12787723785166039;1.865;1.844;1.838;1.821;1.813;
0.12798634812286486;1.866;1.848;1.84;1.831;1.813;
0.12809564474807653;1.866;1.846;1.839;1.816;1.812;
0.12820512820512614;1.888;1.863;1.857;1.835;1.836;
0.12831479897347955;1.888;1.864;1.861;1.834;1.83;
0.1284246575342445;1.883;1.863;1.855;1.847;1.83;
0.12853470437017786;1.896;1.875;1.867;1.849;1.844;
0.1286449399656926;1.899;1.89;1.867;1.847;1.847;
0.12875536480686484;1.9;1.874;1.867;1.875;1.845;
0.12886597938144118;1.916;1.876;1.867;1.85;1.843;
0.12897678417884567;1.896;1.874;1.867;1.845;1.846;
0.1290877796901872;1.896;1.874;1.904;1.848;1.861;
0.12919896640826659;1.896;1.877;1.868;1.848;1.847;
0.12931034482758405;1.898;1.881;1.871;1.849;1.844;
0.12942191544434642;1.896;1.883;1.87;1.877;1.843;
0.1295336787564745;1.897;1.884;1.876;1.881;1.843;
0.12964563526361061;1.901;1.877;1.868;1.88;1.847;
0.12975778546712582;1.906;1.883;1.876;1.882;1.846;
0.12987012987012767;1.895;1.876;1.868;1.847;1.843;
0.12998266897746746;1.9;1.877;1.871;1.845;1.846;
0.13009540329574798;1.897;1.897;1.873;1.844;1.847;
0.1302083333333311;1.905;1.876;1.868;1.876;1.844;
0.13032145960034527;1.911;1.885;1.869;1.853;1.845;
0.1304347826086934;1.896;1.882;1.868;1.845;1.844;
0.1305483028720604;1.896;1.877;1.89;1.844;1.855;
0.13066202090592108;1.899;1.876;1.871;1.846;1.856;
0.13077593722754785;1.902;1.883;1.873;1.85;1.848;
0.13089005235601864;1.902;1.888;1.875;1.885;1.849;
0.13100436681222477;1.905;1.885;1.88;1.888;1.847;
0.1311188811188788;1.915;1.887;1.88;1.858;1.861;
0.1312335958005226;1.91;1.891;1.9;1.858;1.855;
0.13134851138353532;1.909;1.891;1.88;1.858;1.854;
0.13146362839614137;1.916;1.898;1.886;1.87;1.86;
0.13157894736841869;1.921;1.91;1.886;1.867;1.862;
0.13169446883230668;1.93;1.894;1.886;1.907;1.864;
0.13181019332161448;1.919;1.905;1.886;1.868;1.863;
0.13192612137202928;1.915;1.894;1.886;1.869;1.86;
0.13204225352112436;1.913;1.897;1.908;1.868;1.863;
0.13215859030836763;1.914;1.897;1.887;1.864;1.881;
0.13227513227512985;1.914;1.896;1.89;1.865;1.863;
0.13239187996469307;1.912;1.903;1.889;1.872;1.862;
0.13250883392225904;1.917;1.895;1.893;1.891;1.862;
0.13262599469495776;1.922;1.897;1.889;1.865;1.866;
0.13274336283185595;1.916;1.896;1.891;1.867;1.869;
0.13286093888396563;1.915;1.9;1.887;1.865;1.861;
0.13297872340425282;1.926;1.902;1.889;1.865;1.862;
0.13309671694764613;1.923;1.919;1.887;1.863;1.864;
0.13321492007104543;1.955;1.893;1.887;1.898;1.864;
0.1333333333333308;1.926;1.898;1.889;1.868;1.865;
0.13345195729537113;1.915;1.894;1.892;1.867;1.861;
0.13357079252003307;1.917;1.895;1.903;1.863;1.866;
0.13368983957218997;1.915;1.897;1.89;1.862;1.896;
0.1338090990187307;1.916;1.893;1.89;1.864;1.861;
0.13392857142856884;1.917;1.904;1.887;1.878;1.861;
0.13404825737265155;1.918;1.896;1.892;1.868;1.864;
0.13416815742396876;1.92;1.893;1.888;1.864;1.861;
0.13428827215756228;1.915;1.895;1.892;1.865;1.868;
0.13440860215053502;1.915;1.893;1.887;1.864;1.861;
0.13452914798206014;1.919;1.898;1.887;1.867;1.862;
0.1346499102333905;1.946;1.909;1.887;1.864;1.862;
0.13477088948786795;1.922;1.893;1.887;1.89;1.865;
0.13489208633093258;1.916;1.905;1.887;1.867;1.864;
0.13501350135013232;1.95;1.929;1.934;1.9;1.897;
0.13513513513513242;1.958;1.938;1.936;1.908;1.905;
0.13525698827772498;1.961;1.937;1.928;1.906;1.927;
0.13537906137183844;1.99;1.955;1.949;1.922;1.927;
0.1355013550135474;1.979;1.967;1.95;1.928;1.921;
0.13562386980108224;1.986;1.953;1.958;1.926;1.922;
0.13574660633483887;1.994;1.977;1.965;1.942;1.939;
0.13586956521738852;1.998;1.971;1.971;1.94;1.95;
0.1359927470534877;1.995;1.972;1.969;1.942;1.941;
0.13611615245008796;2.039;2.004;1.981;1.953;1.951;
0.13623978201634596;2.016;1.984;1.976;1.954;1.953;
0.13636363636363355;2.008;1.986;1.98;1.985;1.954;
0.13648771610554766;2.007;1.984;1.977;1.955;1.952;
0.13661202185792065;2.006;1.985;1.995;1.954;1.95;
0.13673655423883033;2.005;1.985;1.979;1.954;1.957;
0.13686131386861028;2.005;1.983;1.976;1.953;1.971;
0.13698630136986015;2.031;1.992;1.977;1.959;1.95;
0.13711151736745597;2.02;1.985;1.983;1.962;1.951;
0.13723696248856068;2.006;1.983;1.977;1.956;1.953;
0.13736263736263443;2.005;1.986;1.983;1.953;1.959;
0.13748854262144528;2.007;1.985;1.977;1.954;1.951;
0.13761467889907963;2.043;1.999;1.978;1.958;1.951;
0.13774104683195296;2.027;1.987;1.976;1.956;1.951;
0.13786764705882057;2.007;1.984;1.976;1.967;1.954;
0.1379944802207882;2.007;1.987;1.976;1.963;1.953;
0.13812154696132298;2.005;1.985;1.99;1.952;1.952;
0.13824884792626427;2.005;1.986;1.978;1.956;1.952;
0.13837638376383463;2.004;1.986;1.978;1.952;1.964;
0.1385041551246507;2.015;1.998;1.982;1.958;1.964;
0.13863216266173448;2.022;1.989;1.985;1.963;1.957;
0.13876040703052422;2.01;1.993;1.985;1.959;1.958;
0.13888888888888581;2.045;1.996;1.994;1.967;1.967;
0.1390176088971239;2.02;1.998;1.989;1.965;1.972;
0.1391465677179932;2.043;2.002;1.993;1.964;1.964;
0.13927576601671;2.041;2.015;1.995;1.971;1.971;
0.1394052044609634;2.025;2.002;1.996;1.971;1.975;
0.1395348837209271;2.027;2.01;1.996;2.006;1.993;
0.1396648044692706;2.025;2.003;2.004;1.973;1.973;
0.13979496738117111;2.023;2.005;2.025;1.971;1.969;
0.13992537313432518;2.029;2.002;1.997;1.972;1.981;
0.1400560224089604;2.035;2.007;1.997;1.971;1.991;
0.14018691588784726;2.029;2.018;1.996;1.982;1.969;
0.1403180542563111;2.025;2.002;2.001;1.976;1.969;
0.14044943820224395;2.043;2.005;1.996;1.971;1.969;
0.14058106841611673;2.027;2.002;2.004;1.972;1.976;
0.14071294559099112;2.056;2.005;1.995;1.982;1.969;
0.14084507042253194;2.029;2.014;1.995;1.973;1.969;
0.14097744360901926;2.022;2.002;1.995;1.976;1.969;
0.14111006585136077;2.024;2.008;1.995;2.004;1.974;
0.14124293785310404;2.024;2.003;1.997;1.975;1.972;
0.14137606032044908;2.028;2.007;2.023;1.971;1.97;
0.14150943396226082;2.03;2.005;1.996;1.975;1.973;
0.14164305949008163;2.025;2.002;1.998;1.973;1.994;
0.14177693761814408;2.033;2.01;2;1.972;1.973;
0.14191106906338358;2.024;2.002;2;1.976;1.97;
0.14204545454545114;2.03;2.007;1.996;1.975;1.969;
0.14218009478672644;2.028;2.003;2.001;1.972;1.969;
0.14231499051233054;2.051;2.003;1.999;1.971;1.981;
0.142450142450139;2.025;2.036;2;1.974;1.97;
0.14258555133079504;2.065;2.043;2.038;2.012;2.021;
0.14272121788772252;2.065;2.061;2.036;2.016;2.013;
0.14285714285713938;2.083;2.06;2.054;2.06;2.031;
0.14299332697807085;2.083;2.066;2.086;2.032;2.029;
0.1431297709923629;2.085;2.062;2.062;2.031;2.028;
0.1432664756446956;2.105;2.082;2.074;2.048;2.076;
0.14340344168259683;2.103;2.083;2.085;2.048;2.05;
0.14354066985645578;2.1;2.081;2.082;2.058;2.047;
0.14367816091953667;2.117;2.094;2.086;2.068;2.061;
0.1438159156279926;2.125;2.093;2.096;2.063;2.057;
0.1439539347408793;2.152;2.096;2.085;2.06;2.064;
0.1440922190201693;2.113;2.114;2.088;2.063;2.057;
0.1442307692307656;2.115;2.093;2.086;2.066;2.058;
0.1443695861405161;2.115;2.106;2.089;2.075;2.06;
0.14450867052022756;2.114;2.094;2.086;2.075;2.061;
0.14464802314368003;2.114;2.097;2.108;2.061;2.063;
0.1447876447876411;2.116;2.095;2.087;2.062;2.062;
0.14492753623188034;2.124;2.1;2.088;2.06;2.085;
0.1450676982591839;2.116;2.094;2.088;2.06;2.064;
0.14520813165536897;2.118;2.099;2.09;2.064;2.058;
0.1453488372092986;2.192;2.093;2.09;2.063;2.058;
0.14548981571289635;2.144;2.096;2.087;2.064;2.062;
0.14563106796116126;2.119;2.133;2.087;2.06;2.069;
0.1457725947521828;2.114;2.106;2.087;2.06;2.059;
0.1459143968871557;2.115;2.134;2.085;2.067;2.059;
0.14605647517039538;2.116;2.113;2.085;2.112;2.072;
0.1461988304093529;2.122;2.103;2.118;2.077;2.07;
0.14634146341463028;2.126;2.118;2.105;2.07;2.068;
0.14648437499999614;2.127;2.101;2.096;2.069;2.065;
0.14662756598240081;2.126;2.113;2.101;2.073;2.096;
0.1467710371819922;2.125;2.105;2.105;2.076;2.076;
0.14691478942213124;2.134;2.112;2.113;2.087;2.076;
0.14705882352940783;2.158;2.112;2.109;2.083;2.078;
0.1472031403336565;2.138;2.118;2.105;2.079;2.086;
0.14734774066797246;2.133;2.141;2.109;2.08;2.078;
0.1474926253687276;2.136;2.114;2.105;2.079;2.077;
0.14763779527558654;2.135;2.139;2.106;2.083;2.079;
0.14778325123152308;2.135;2.112;2.107;2.109;2.081;
0.14792899408283622;2.136;2.116;2.138;2.084;2.081;
0.14807502467916672;2.138;2.113;2.104;2.086;2.077;
0.1482213438735137;2.137;2.117;2.109;2.082;2.079;
0.1483679525222511;2.135;2.113;2.109;2.079;2.113;
0.14851485148514443;2.139;2.119;2.111;2.092;2.077;
0.14866204162536753;2.136;2.112;2.105;2.083;2.11;
0.14880952380951967;2.177;2.112;2.108;2.081;2.079;
0.14895729890764234;2.137;2.14;2.108;2.081;2.09;
0.14910536779323638;2.136;2.115;2.112;2.079;2.079;
0.1492537313432794;2.134;2.113;2.104;2.079;2.077;
0.14940239043824283;2.143;2.114;2.103;2.08;2.081;
0.14955134596210945;2.134;2.112;2.105;2.115;2.095;
0.14970059880239098;2.138;2.115;2.127;2.084;2.078;
0.1498501498501456;2.14;2.114;2.107;2.081;2.076;
0.14999999999999575;2.165;2.154;2.134;2.113;2.111;
0.15015015015014588;2.176;2.153;2.148;2.12;2.15;
0.15030060120240052;2.179;2.153;2.147;2.127;2.117;
0.15045135406218224;2.236;2.178;2.173;2.15;2.142;
0.15060240963854987;2.195;2.176;2.164;2.139;2.134;
0.15075376884421676;2.204;2.21;2.173;2.151;2.158;
0.15090543259556907;2.212;2.189;2.182;2.158;2.156;
0.15105740181268443;2.212;2.196;2.182;2.159;2.156;
0.15120967741935043;2.226;2.201;2.195;2.182;2.166;
0.15136226034308337;2.224;2.208;2.221;2.198;2.175;
0.15151515151514708;2.235;2.203;2.195;2.168;2.171;
0.15166835187057187;2.227;2.209;2.198;2.171;2.169;
0.15182186234817366;2.231;2.205;2.199;2.167;2.196;
0.151975683890573;2.226;2.203;2.196;2.175;2.172;
0.15212981744421455;2.256;2.211;2.199;2.169;2.167;
0.15228426395938632;2.249;2.205;2.194;2.173;2.17;
0.15243902439023935;2.226;2.235;2.199;2.17;2.177;
0.15259409969480725;2.227;2.201;2.195;2.169;2.166;
0.15274949083502598;2.225;2.207;2.195;2.168;2.167;
0.15290519877675382;2.231;2.203;2.195;2.172;2.168;
0.15306122448979131;2.236;2.204;2.222;2.193;2.17;
0.1532175689479014;2.228;2.202;2.2;2.172;2.17;
0.1533742331288297;2.225;2.205;2.196;2.17;2.166;
0.1535312180143249;2.225;2.201;2.196;2.172;2.195;
0.15368852459015925;2.259;2.201;2.201;2.169;2.172;
0.15384615384614914;2.247;2.208;2.2;2.179;2.172;
0.15400410677617596;2.229;2.212;2.21;2.175;2.173;
0.15416238437820698;2.231;2.232;2.202;2.174;2.177;
0.15432098765431623;2.237;2.213;2.207;2.18;2.181;
0.1544799176107058;2.239;2.217;2.207;2.183;2.178;
0.15463917525772716;2.246;2.219;2.212;2.183;2.185;
0.1547987616099023;2.254;2.222;2.244;2.222;2.198;
0.15495867768594557;2.243;2.221;2.216;2.188;2.187;
0.1551189245087852;2.246;2.225;2.217;2.19;2.184;
0.1552795031055852;2.247;2.219;2.219;2.189;2.191;
0.15544041450776713;2.27;2.222;2.217;2.187;2.22;
0.15560165975103243;2.25;2.22;2.215;2.191;2.185;
0.15576323987538446;2.241;2.223;2.22;2.191;2.186;
0.15592515592515097;2.245;2.246;2.219;2.188;2.184;
0.15608740894900647;2.242;2.219;2.224;2.188;2.197;
0.156249999999995;2.24;2.225;2.217;2.188;2.187;
0.15641293013555285;2.246;2.222;2.216;2.188;2.186;
0.1565762004175315;2.25;2.222;2.243;2.223;2.188;
0.15673981191222064;2.245;2.221;2.219;2.194;2.191;
0.15690376569037148;2.242;2.227;2.216;2.186;2.184;
0.15706806282722002;2.246;2.22;2.216;2.187;2.186;
0.1572327044025106;2.275;2.22;2.22;2.186;2.215;
0.15739769150051952;2.252;2.222;2.218;2.192;2.184;
0.15756302521007887;2.285;2.264;2.263;2.238;2.227;
0.1577287066246005;2.284;2.289;2.256;2.228;2.225;
0.15789473684210006;2.298;2.275;2.265;2.245;2.25;
0.15806111696522135;2.302;2.284;2.275;2.247;2.243;
0.1582278481012606;2.308;2.28;2.276;2.249;2.243;
0.15839493136219115;2.327;2.301;2.308;2.293;2.261;
0.15856236786468816;2.32;2.299;2.269;2.268;2.269;
0.15873015873015342;2.34;2.318;2.284;2.277;2.274;
0.15889830508474045;2.354;2.313;2.286;2.278;2.278;
0.1590668080593796;2.353;2.313;2.283;2.276;2.306;
0.15923566878980355;2.334;2.315;2.288;2.283;2.277;
0.15940488841657272;2.334;2.33;2.28;2.281;2.275;
0.15957446808510098;2.332;2.317;2.288;2.279;2.28;
0.15974440894568148;2.335;2.313;2.283;2.277;2.283;
0.1599147121535127;2.335;2.312;2.281;2.277;2.275;
0.1600853788687245;2.339;2.315;2.284;2.276;2.276;
0.16025641025640477;2.341;2.313;2.313;2.307;2.278;
0.1604278074866255;2.332;2.325;2.284;2.28;2.301;
0.16059957173446984;2.338;2.313;2.282;2.277;2.274;
0.16077170418005876;2.358;2.309;2.286;2.281;2.292;
0.16094420600857812;2.332;2.311;2.285;2.276;2.293;
0.1611170784103059;2.332;2.31;2.288;2.367;2.275;
0.16129032258063955;2.332;2.336;2.286;2.279;2.275;
0.16146393972012352;2.331;2.311;2.28;2.277;2.279;
0.1616379310344771;2.342;2.323;2.287;2.283;2.282;
0.16181229773462213;2.346;2.316;2.288;2.285;2.28;
0.16198704103671135;2.346;2.325;2.293;2.289;2.287;
0.16216216216215643;2.347;2.325;2.327;2.319;2.291;
0.1623376623376566;2.35;2.331;2.295;2.293;2.289;
0.16251354279522717;2.381;2.329;2.301;2.296;2.294;
0.16268980477222847;2.356;2.335;2.303;2.297;2.321;
0.16286644951139484;2.351;2.329;2.303;2.301;2.297;
0.1630434782608637;2.356;2.347;2.305;2.296;2.296;
0.16322089227420522;2.352;2.345;2.333;2.297;2.293;
0.16339869281045163;2.353;2.332;2.305;2.295;2.305;
0.16357688113412713;2.357;2.334;2.302;2.296;2.293;
0.1637554585152779;2.391;2.334;2.299;2.297;2.292;
0.16393442622950224;2.353;2.33;2.325;2.318;2.295;
0.1641137855579809;2.355;2.336;2.306;2.304;2.298;
0.1642935377875077;2.374;2.335;2.297;2.299;2.293;
0.16447368421052028;2.379;2.33;2.336;2.295;2.294;
0.16465422612513117;2.355;2.335;2.314;2.294;2.331;
0.16483516483515875;2.357;2.331;2.31;2.3;2.295;
0.1650165016501589;2.384;2.392;2.333;2.34;2.324;
0.16519823788545643;2.392;2.371;2.339;2.34;2.333;
0.16538037486217688;2.399;2.385;2.339;2.337;2.344;
0.1655629139072786;2.427;2.393;2.37;2.355;2.351;
0.16574585635358496;2.41;2.394;2.359;2.353;2.352;
0.1659292035398168;2.435;2.411;2.42;2.399;2.369;
0.166112956810625;2.434;2.416;2.378;2.377;2.371;
0.16629711751662343;2.48;2.422;2.391;2.384;2.381;
0.16648168701442212;2.442;2.419;2.396;2.387;2.41;
0.16666666666666036;2.444;2.424;2.388;2.393;2.391;
0.16685205784204038;2.442;2.453;2.401;2.387;2.381;
0.16703786191536113;2.442;2.42;2.393;2.388;2.385;
0.16722408026755214;2.448;2.423;2.388;2.395;2.392;
0.16741071428570786;2.452;2.422;2.389;2.384;2.383;
0.16759776536312204;2.442;2.423;2.389;2.384;2.382;
0.1677852348993224;2.446;2.42;2.423;2.413;2.385;
0.1679731243001055;2.464;2.426;2.391;2.393;2.389;
0.16816143497757197;2.451;2.419;2.388;2.385;2.381;
0.1683501683501618;2.443;2.423;2.392;2.39;2.384;
0.16853932584269007;2.443;2.419;2.397;2.384;2.412;
0.16872890888638262;2.442;2.451;2.395;2.394;2.382;
0.1689189189189123;2.442;2.422;2.389;2.396;2.383;
0.1691093573844353;2.447;2.427;2.39;2.386;2.386;
0.16930022573362763;2.458;2.435;2.396;2.39;2.396;
0.16949152542372212;2.448;2.431;2.396;2.394;2.391;
0.16968325791854533;2.457;2.432;2.429;2.395;2.393;
0.169875424688555;2.488;2.445;2.404;2.43;2.397;
0.17006802721087758;2.464;2.433;2.405;2.398;2.399;
0.1702610669693462;2.459;2.442;2.412;2.404;2.403;
0.17045454545453864;2.461;2.439;2.415;2.404;2.428;
0.17064846416381568;2.46;2.469;2.411;2.406;2.405;
0.17084282460135986;2.463;2.44;2.41;2.41;2.4;
0.1710376282782143;2.465;2.441;2.415;2.403;2.403;
0.17123287671232185;2.461;2.441;2.407;2.402;2.412;
0.17142857142856446;2.466;2.439;2.407;2.405;2.402;
0.17162471395880308;2.462;2.439;2.425;2.405;2.404;
0.17182130584191738;2.497;2.45;2.417;2.433;2.402;
0.17201834862384616;2.467;2.438;2.407;2.404;2.405;
0.17221584385762784;2.461;2.439;2.407;2.403;2.4;
0.17241379310344118;2.46;2.439;2.414;2.402;2.425;
0.1726121979286465;2.501;2.509;2.454;2.447;2.453;
0.17281105990782694;2.505;2.483;2.447;2.456;2.442;
0.1730103806228302;2.531;2.505;2.465;2.464;2.46;
0.17321016166281034;2.524;2.498;2.465;2.462;2.466;
0.1734104046242702;2.545;2.52;2.483;2.482;2.476;
0.17361111111110383;2.541;2.518;2.508;2.478;2.478;
0.17381228273463928;2.573;2.531;2.501;2.53;2.489;
0.17401392111368177;2.554;2.534;2.506;2.491;2.495;
0.17421602787455712;2.551;2.529;2.499;2.492;2.492;
0.1744186046511554;2.55;2.533;2.502;2.491;2.518;
0.17462165308497513;2.549;2.554;2.502;2.501;2.493;
0.17482517482516738;2.555;2.528;2.496;2.504;2.491;
0.17502917152858063;2.555;2.534;2.499;2.495;2.494;
0.17523364485980558;2.553;2.534;2.499;2.492;2.502;
0.17543859649122054;2.554;2.529;2.497;2.492;2.489;
0.17564402810303695;2.581;2.532;2.539;2.494;2.491;
0.17584994138334528;2.553;2.529;2.503;2.52;2.497;
0.1760563380281614;2.553;2.527;2.499;2.493;2.49;
0.17626321974147297;2.55;2.528;2.502;2.495;2.488;
0.17647058823528644;2.552;2.535;2.5;2.493;2.517;
0.17667844522967427;2.559;2.552;2.505;2.5;2.494;
0.17688679245282246;2.561;2.529;2.497;2.499;2.49;
0.17709563164107842;2.556;2.539;2.503;2.499;2.496;
0.1773049645389993;2.563;2.537;2.507;2.506;2.502;
0.17751479289940048;2.573;2.543;2.509;2.51;2.502;
0.17772511848340447;2.589;2.548;2.539;2.524;2.502;
0.17793594306049035;2.569;2.546;2.516;2.526;2.511;
0.17814726840854317;2.571;2.551;2.516;2.509;2.517;
0.17835909631390406;2.568;2.549;2.517;2.51;2.511;
0.1785714285714206;2.568;2.577;2.519;2.51;2.531;
0.17878426698449737;2.571;2.548;2.525;2.515;2.508;
0.1789976133651471;2.578;2.565;2.517;2.516;2.512;
0.1792114695340421;2.57;2.552;2.52;2.51;2.513;
0.17942583732056605;2.573;2.548;2.516;2.515;2.513;
0.17964071856286612;2.598;2.548;2.515;2.511;2.519;
0.1798561151079055;2.573;2.556;2.548;2.542;2.512;
0.1800720288115164;2.612;2.59;2.558;2.553;2.554;
0.18028846153845332;2.612;2.588;2.558;2.552;2.55;
0.18050541516244661;2.63;2.613;2.579;2.57;2.571;
0.18072289156625676;2.636;2.626;2.582;2.57;2.604;
0.18094089264172872;2.656;2.625;2.591;2.594;2.585;
0.18115942028984672;2.648;2.629;2.594;2.604;2.585;
0.18137847642078966;2.664;2.637;2.601;2.598;2.598;
0.18159806295398673;2.679;2.641;2.608;2.602;2.597;
0.18181818181817336;2.675;2.645;2.624;2.599;2.597;
0.18203883495144782;2.661;2.638;2.612;2.629;2.667;
0.18226002430132804;2.664;2.643;2.61;2.601;2.604;
0.18248175182480897;2.661;2.644;2.609;2.6;2.601;
0.18270401948842016;2.665;2.673;2.607;2.599;2.622;
0.18292682926828405;2.668;2.64;2.613;2.602;2.603;
0.1831501831501745;2.662;2.64;2.608;2.601;2.599;
0.18337408312957565;2.689;2.644;2.605;2.598;2.6;
0.18359853121174158;2.67;2.645;2.603;2.598;2.609;
0.18382352941175595;2.69;2.65;2.605;2.597;2.598;
0.18404907975459242;2.662;2.638;2.636;2.663;2.603;
0.18427518427517545;2.66;2.638;2.605;2.604;2.647;
0.18450184501844133;2.66;2.638;2.608;2.6;2.598;
0.18472906403939998;2.669;2.667;2.616;2.606;2.605;
0.18495684340319699;2.675;2.649;2.616;2.61;2.632;
0.1851851851851762;2.67;2.657;2.617;2.622;2.61;
0.1854140914709428;2.679;2.653;2.624;2.613;2.612;
0.1856435643564266;2.692;2.656;2.623;2.618;2.622;
0.18587360594794633;2.708;2.663;2.624;2.619;2.614;
0.18610421836227378;2.678;2.656;2.653;2.619;2.614;
0.18633540372669893;2.678;2.66;2.623;2.649;2.616;
0.1865671641790953;2.684;2.657;2.626;2.618;2.618;
0.1867995018679858;2.682;2.66;2.63;2.619;2.619;
0.1870324189526092;2.686;2.689;2.623;2.625;2.649;
0.18726591760298697;2.68;2.659;2.629;2.621;2.616;
0.18749999999999067;2.711;2.698;2.652;2.66;2.681;
0.18773466833540992;2.72;2.702;2.665;2.659;2.672;
0.18796992481202068;2.762;2.712;2.676;2.665;2.671;
0.1882057716436543;2.74;2.724;2.7;2.675;2.675;
0.1884422110552669;2.754;2.729;2.705;2.719;2.69;
0.18867924528300936;2.76;2.743;2.701;2.701;2.703;
0.18891687657429776;2.774;2.747;2.714;2.701;2.701;
0.18915510718788447;2.778;2.77;2.721;2.707;2.732;
0.18939393939392976;2.771;2.749;2.72;2.723;2.711;
0.18963337547407377;2.775;2.748;2.712;2.718;2.71;
0.18987341772150929;2.777;2.75;2.713;2.706;2.711;
0.1901140684410549;2.799;2.752;2.712;2.707;2.706;
0.1903553299492288;2.799;2.76;2.715;2.761;2.706;
0.19059720457432308;2.773;2.75;2.738;2.735;2.705;
0.1908396946564787;2.77;2.751;2.719;2.708;2.718;
0.1910828025477608;2.774;2.752;2.715;2.709;2.708;
0.19132653061223495;2.778;2.765;2.72;2.707;2.734;
0.19157088122604365;2.77;2.755;2.719;2.713;2.709;
0.19181585677748358;2.77;2.758;2.718;2.715;2.706;
0.1920614596670834;2.795;2.747;2.713;2.707;2.711;
0.19230769230768222;2.782;2.756;2.722;2.712;2.72;
0.19255455712450847;2.775;2.755;2.718;2.712;2.722;
0.19280205655525975;2.779;2.754;2.752;2.76;2.727;
0.19305019305018284;2.784;2.759;2.726;2.724;2.723;
0.19329896907215469;2.787;2.772;2.729;2.724;2.72;
0.1935483870967639;2.799;2.772;2.736;2.725;2.749;
0.19379844961239276;2.787;2.77;2.738;2.73;2.732;
0.1940491591203001;2.8;2.769;2.733;2.744;2.725;
0.19430051813470461;2.816;2.767;2.733;2.727;2.726;
0.19455252918286892;2.786;2.772;2.73;2.726;2.73;
0.1948051948051843;2.788;2.765;2.73;2.732;2.725;
0.19505851755525605;2.829;2.808;2.8;2.806;2.764;
0.19531249999998943;2.832;2.807;2.775;2.769;2.77;
0.19556714471967646;2.851;2.848;2.793;2.789;2.782;
0.19582245430808332;2.852;2.826;2.795;2.785;2.807;
0.1960784313725383;2.865;2.851;2.815;2.808;2.811;
0.19633507853402066;2.868;2.845;2.817;2.809;2.802;
0.19659239842725001;2.912;2.858;2.821;2.819;2.819;
0.19685039370077656;2.896;2.864;2.82;2.816;2.818;
0.1971090670170719;2.878;2.856;2.85;2.817;2.816;
0.19736842105262065;2.879;2.856;2.826;2.852;2.816;
0.19762845849801275;2.884;2.855;2.823;2.818;2.82;
0.1978891820580365;2.887;2.873;2.824;2.815;2.814;
0.1981505944517723;2.877;2.856;2.822;2.815;2.845;
0.1984126984126873;2.888;2.869;2.828;2.837;2.817;
0.19867549668873058;2.921;2.86;2.82;2.818;2.814;
0.19893899204242912;2.927;2.857;2.819;2.816;2.82;
0.1992031872509848;2.879;2.861;2.82;2.821;2.812;
0.1994680851063717;2.876;2.856;2.841;2.818;2.813;
0.19973368841543473;2.881;2.858;2.821;2.854;2.816;
0.19999999999998863;2.893;2.876;2.833;2.822;2.825;
0.20026702269691782;2.885;2.868;2.829;2.828;2.821;
0.2005347593582773;2.891;2.874;2.838;2.833;2.851;
0.2008032128513941;2.922;2.872;2.836;2.83;2.827;
0.20107238605896968;2.914;2.876;2.839;2.836;2.837;
0.20134228187918304;2.897;2.883;2.842;2.835;2.842;
0.2016129032257948;2.897;2.874;2.839;2.836;2.833;
0.2018842530282521;2.896;2.873;2.859;2.865;2.838;
0.2021563342317942;2.9;2.874;2.84;2.842;2.837;
0.20242914979755908;2.908;2.903;2.841;2.837;2.833;
0.20270270270269086;2.945;2.929;2.883;2.876;2.892;
0.2029769959404482;2.948;2.935;2.895;2.885;2.887;
0.20325203252031326;2.983;2.936;2.898;2.9;2.889;
0.203527815468102;2.975;2.949;2.907;2.907;2.918;
0.20380434782607493;2.978;2.96;2.914;2.914;2.917;
0.20408163265304916;2.988;2.971;2.95;2.928;2.921;
0.20435967302451105;2.993;2.963;2.931;2.96;2.921;
0.20463847203272997;3;2.987;2.929;2.924;2.93;
0.204918032786873;2.991;2.965;2.932;2.933;2.925;
0.20519835841312042;2.994;2.983;2.937;2.931;2.952;
0.2054794520547822;3.025;2.974;2.931;2.926;2.924;
0.2057613168724156;2.993;2.965;2.933;2.931;2.923;
0.20604395604394363;2.989;2.971;2.929;2.929;2.934;
0.20632737276477434;2.989;2.965;2.929;2.925;2.934;
0.20661157024792137;2.992;2.967;2.954;2.955;2.95;
0.20689655172412535;2.998;2.971;2.932;2.929;2.928;
0.20718232044197632;2.988;2.977;2.932;2.925;2.922;
0.20746887966803712;2.992;2.976;2.932;2.924;2.945;
0.20775623268696788;3.014;2.976;2.943;2.952;2.932;
0.20804438280165158;2.997;2.976;2.933;2.934;2.928;
0.2083333333333205;3;2.985;2.942;2.937;2.939;
0.2086230876216839;2.996;3.003;2.949;2.939;2.934;
0.2089136490250567;3.008;2.988;2.966;2.943;2.94;
0.2092050209204891;3.009;2.989;2.95;2.977;2.94;
0.20949720670389757;3.009;3.011;2.947;2.944;2.942;
0.2097902097901967;3.018;2.985;2.951;2.946;2.939;
0.21008403361343223;3.07;3.034;2.993;2.988;3.012;
0.21037868162691528;3.05;3.025;2.988;2.984;2.98;
0.21067415730335753;3.067;3.075;3.008;3;3.018;
0.21097046413500778;3.067;3.044;3.008;2.999;3.018;
0.21126760563378946;3.088;3.059;3.046;3.021;3.017;
0.21156558533143932;3.098;3.067;3.029;3.05;3.022;
0.21186440677964755;3.096;3.092;3.036;3.032;3.037;
0.21216407355019865;3.099;3.075;3.037;3.03;3.032;
0.2124645892351139;3.121;3.08;3.046;3.082;3.057;
0.21276595744679488;3.094;3.076;3.04;3.039;3.028;
0.2130681818181681;3.096;3.077;3.037;3.034;3.032;
0.2133712660028312;3.095;3.075;3.035;3.036;3.035;
0.21367521367519987;3.098;3.078;3.051;3.036;3.028;
0.21398002853065662;3.1;3.072;3.041;3.064;3.028;
0.21428571428570037;3.094;3.116;3.046;3.032;3.04;
0.2145922746780976;3.102;3.086;3.039;3.033;3.03;
0.21489971346703468;3.125;3.08;3.041;3.038;3.072;
0.2152080344332714;3.098;3.078;3.041;3.03;3.034;
0.2155172413792962;3.102;3.087;3.047;3.044;3.058;
0.21582733812948218;3.104;3.08;3.042;3.037;3.24;
0.2161383285302451;3.11;3.087;3.053;3.044;3.183;
0.21645021645020213;3.122;3.086;3.066;3.071;3.071;
0.21676300578033245;3.118;3.111;3.06;3.054;3.085;
0.21707670043413896;3.12;3.094;3.069;3.053;3.051;
0.2173913043478116;3.139;3.099;3.062;3.051;3.055;
0.21770682148039183;3.158;3.141;3.097;3.107;3.11;
0.21802325581393886;3.163;3.142;3.102;3.097;3.096;
0.2183406113536971;3.172;3.151;3.113;3.11;3.115;
0.21865889212826514;3.195;3.173;3.143;3.131;3.126;
0.2189781021897662;3.219;3.18;3.143;3.154;3.154;
0.21929824561402023;3.211;3.201;3.147;3.144;3.176;
0.21961932650071714;3.224;3.186;3.146;3.143;3.141;
0.21994134897359205;3.231;3.187;3.152;3.146;3.142;
0.2202643171806017;3.205;3.184;3.148;3.139;3.156;
0.2205882352941025;3.205;3.188;3.149;3.143;3.147;
0.22091310751103047;3.207;3.182;3.144;3.139;3.15;
0.2212389380530821;3.214;3.184;3.178;3.139;3.137;
0.22156573116689754;3.206;3.193;3.147;3.167;3.172;
0.22189349112424497;3.215;3.187;3.15;3.141;3.144;
0.22222222222220678;3.24;3.185;3.144;3.14;3.138;
0.2225519287833673;3.205;3.188;3.152;3.146;3.14;
0.22288261515600227;3.209;3.189;3.145;3.145;3.148;
0.22321428571427007;3.212;3.202;3.149;3.149;3.157;
0.22354694485840457;3.216;3.192;3.15;3.157;3.147;
0.22388059701490962;3.224;3.198;3.178;3.155;3.174;
0.22421524663675546;3.222;3.216;3.165;3.186;3.154;
0.2245508982035769;3.227;3.213;3.17;3.158;3.163;
0.2248875562218731;3.248;3.211;3.166;3.162;3.16;
0.22522522522520919;3.266;3.248;3.21;3.207;3.202;
0.22556390977441998;3.283;3.267;3.226;3.22;3.211;
0.22590361445781515;3.286;3.264;3.225;3.218;3.216;
0.22624434389138648;3.316;3.285;3.24;3.236;3.246;
0.22658610271901694;3.304;3.286;3.27;3.239;3.28;
0.22692889561269164;3.319;3.314;3.253;3.274;3.255;
0.22727272727271083;3.336;3.296;3.256;3.249;3.245;
0.22761760242790458;3.322;3.294;3.258;3.251;3.245;
0.22796352583584967;3.319;3.294;3.255;3.262;3.248;
0.22831050228308838;3.315;3.302;3.256;3.249;3.244;
0.22865853658534913;3.321;3.301;3.258;3.248;3.249;
0.22900763358776946;3.326;3.296;3.274;3.252;3.244;
0.22935779816512075;3.318;3.322;3.263;3.307;3.28;
0.22970903522203512;3.331;3.292;3.258;3.251;3.256;
0.23006134969323452;3.328;3.302;3.259;3.249;3.246;
0.23041474654376173;3.314;3.291;3.259;3.254;3.247;
0.23076923076921363;3.319;3.302;3.266;3.256;3.254;
0.2311248073959766;3.322;3.298;3.266;3.255;3.255;
0.2314814814814642;3.334;3.304;3.263;3.262;3.271;
0.23183925811435666;3.33;3.31;3.293;3.271;3.285;
0.23219814241484324;3.339;3.324;3.272;3.317;3.268;
0.2325581395348662;3.393;3.356;3.322;3.307;3.304;
0.2329192546583675;3.375;3.44;3.317;3.31;3.305;
0.23328149300153753;3.393;3.373;3.341;3.334;3.325;
0.23364485981306637;3.422;3.389;3.338;3.34;3.333;
0.23400936037439715;3.413;3.397;3.349;3.348;3.346;
0.2343749999999821;3.425;3.401;3.389;3.363;3.354;
0.23474178403754073;3.426;3.416;3.365;3.391;3.368;
0.23510971786832055;3.446;3.409;3.368;3.359;3.358;
0.23547880690736028;3.424;3.407;3.378;3.359;3.361;
0.2358490566037555;3.427;3.404;3.373;3.368;3.356;
0.23622047244092673;3.424;3.407;3.402;3.364;3.355;
0.2365930599368903;3.43;3.4;3.363;3.357;3.366;
0.2369668246445315;3.423;3.405;3.361;3.356;3.364;
0.23734177215188043;3.429;3.419;3.391;3.382;3.368;
0.23771790808239052;3.457;3.399;3.365;3.381;3.365;
0.23809523809521968;3.431;3.409;3.364;3.361;3.355;
0.2384737678855141;3.445;3.407;3.379;3.364;3.356;
0.23885350318469484;3.429;3.415;3.368;3.381;3.366;
0.23923444976074698;3.445;3.415;3.375;3.374;3.363;
0.2396166134185117;3.437;3.417;3.376;3.372;3.373;
0.2399999999999813;3.5;3.473;3.432;3.398;3.411;
0.24038461538459663;3.514;3.461;3.425;3.451;3.418;
0.2407704654895478;3.509;3.489;3.443;3.433;3.446;
0.24115755627007762;3.506;3.484;3.448;3.436;3.439;
0.24154589371978785;3.523;3.523;3.463;3.455;3.454;
0.24193548387094876;3.544;3.513;3.471;3.466;3.468;
0.24232633279481136;3.534;3.509;3.468;3.466;3.473;
0.24271844660192268;3.539;3.531;3.495;3.469;3.46;
0.2431118314424444;3.559;3.515;3.472;3.49;3.486;
0.24350649350647433;3.533;3.524;3.476;3.464;3.469;
0.243902439024371;3.533;3.514;3.484;3.463;3.461;
0.24429967426708168;3.538;3.521;3.479;3.475;3.468;
0.24469820554647329;3.536;3.517;3.469;3.468;3.463;
0.24509803921566686;3.534;3.51;3.468;3.468;3.469;
0.24549918166937496;3.538;3.532;3.496;3.469;3.462;
0.24590163934424275;3.559;3.514;3.475;3.496;3.481;
0.24630541871919223;3.551;3.526;3.486;3.471;3.475;
0.2467105263157698;3.544;3.52;3.483;3.473;3.471;
0.24711696869849759;3.548;3.531;3.494;3.485;3.479;
0.24752475247522776;3.601;3.564;3.525;3.513;3.509;
0.24793388429750082;3.594;3.572;3.532;3.523;3.532;
0.24834437086090727;3.626;3.607;3.572;3.541;3.539;
0.2487562189054527;3.654;3.599;3.56;3.594;3.573;
0.24916943521592683;3.631;3.617;3.627;3.564;3.559;
0.2495840266222761;3.643;3.622;3.578;3.579;3.569;
0.24999999999997988;3.643;3.627;3.584;3.589;3.574;
0.25041736227043054;3.649;3.626;3.577;3.578;3.568;
0.25083612040131753;3.648;3.622;3.578;3.575;3.574;
0.25125628140701484;3.647;3.643;3.596;3.58;3.572;
0.2516778523489729;3.671;3.623;3.58;3.609;3.584;
0.252100840336114;3.642;3.629;3.583;3.574;3.579;
0.252525252525232;3.641;3.622;3.59;3.574;3.571;
0.25295109612139594;3.648;3.626;3.582;3.578;3.573;
0.25337837837835775;3.651;3.62;3.58;3.576;3.576;
0.25380710659896405;3.648;3.619;3.579;3.575;3.58;
0.25423728813557245;3.67;3.646;3.617;3.583;3.578;
0.25466893039047156;3.666;3.632;3.592;3.622;3.612;
0.25510204081630566;3.699;3.676;3.635;3.628;3.63;
0.25553662691650375;3.705;3.681;3.651;3.634;3.631;
0.2559726962457128;3.725;3.703;3.656;3.661;3.656;
0.25641025641023535;3.738;3.718;3.673;3.677;3.666;
0.256849315068472;3.741;3.717;3.676;3.674;3.674;
0.25728987993136815;3.779;3.748;3.711;3.684;3.689;
0.2577319587628653;3.753;3.731;3.689;3.716;3.681;
0.2581755593803573;3.751;3.73;3.691;3.687;3.685;
0.258620689655151;3.757;3.735;3.694;3.689;3.677;
0.25906735751293186;3.761;3.729;3.692;3.681;3.68;
0.2595155709342345;3.757;3.73;3.687;3.683;3.677;
0.2599653379549177;3.768;3.746;3.687;3.681;3.687;
0.260416666666645;3.76;3.728;3.71;3.71;3.702;
0.26086956521736954;3.751;3.732;3.694;3.691;3.686;
0.26132404181182484;3.749;3.732;3.688;3.683;3.678;
0.26178010471202;3.767;3.74;3.713;3.706;3.689;
0.26223776223774026;3.764;3.741;3.698;3.713;3.688;
0.26269702276705326;3.805;3.796;3.74;3.739;3.735;
0.26315789473682;3.866;3.837;3.792;3.757;3.749;
0.2636203866432116;3.828;3.816;3.766;3.814;3.769;
0.26408450704223124;3.844;3.827;3.785;3.778;3.779;
0.2645502645502422;3.863;3.845;3.801;3.79;3.789;
0.2650176678445006;3.865;3.839;3.798;3.807;3.791;
0.26548672566369436;3.861;3.837;3.796;3.8;3.794;
0.2659574468084881;3.894;3.862;3.792;3.816;3.794;
0.26642984014207327;3.864;3.841;3.825;3.8;3.809;
0.26690391459072466;3.858;3.85;3.798;3.816;3.792;
0.2673796791443623;3.86;3.845;3.794;3.788;3.79;
0.26785714285712003;3.864;3.848;3.801;3.801;3.793;
0.26833631484791987;3.859;3.843;3.793;3.809;3.787;
0.26881720430105227;3.861;3.844;3.793;3.79;3.786;
0.2692998204667633;3.911;3.87;3.839;3.798;3.8;
0.26978417266184734;3.868;3.858;3.807;3.823;3.813;
0.270270270270247;3.912;3.896;3.854;3.844;3.852;
0.270758122743659;3.949;3.927;3.878;3.876;3.871;
0.2712477396021466;3.94;3.918;3.878;3.917;3.868;
0.27173913043475917;3.991;3.939;3.893;3.897;3.883;
0.272232304900158;4.017;3.983;3.906;3.902;3.905;
0.2727272727272491;3.968;3.962;3.938;3.926;3.92;
0.2732240437158233;3.97;3.959;3.907;3.912;3.917;
0.2737226277372025;3.971;3.957;3.903;3.898;3.896;
0.2742230347348939;3.978;3.953;3.911;3.923;3.898;
0.2747252747252508;3.971;3.954;3.906;3.901;3.895;
0.2752293577981411;4;3.978;3.905;3.9;3.907;
0.275735294117623;3.97;3.949;3.933;3.9;3.897;
0.27624309392262775;3.979;3.959;3.906;3.929;3.944;
0.27675276752765104;3.981;3.951;3.914;3.9;3.943;
0.2772643253234507;3.991;3.969;3.917;3.908;3.961;
0.27777777777775337;4.025;4.005;3.961;3.953;3.957;
0.27829313543596806;4.082;4.039;3.975;3.973;3.974;
0.2788104089219085;4.049;4.031;4.02;3.976;3.985;
0.2793296089385228;4.069;4.051;4;4.029;4.033;
0.279850746268632;4.077;4.061;4.013;4.01;4.013;
0.2803738317756761;4.082;4.061;4.017;4.007;4.006;
0.2808988764044695;4.076;4.071;4.012;4.021;4.009;
0.28142589118196376;4.113;4.068;4.007;4.015;4.004;
0.28195488721802003;4.083;4.082;4.032;4.011;4.009;
0.2824858757061895;4.075;4.096;4.018;4.031;4.041;
0.28301886792450304;4.082;4.058;4.012;4.008;4.015;
0.2835538752362695;4.09;4.062;4.018;4.013;4.008;
0.28409090909088364;4.08;4.055;4.016;4.024;4.012;
0.2846299810246424;4.112;4.061;4.013;4.019;4.011;
0.2851711026615713;4.132;4.132;4.062;4.057;4.063;
0.28571428571426;4.147;4.13;4.095;4.102;4.12;
0.28625954198470704;4.161;4.137;4.11;4.094;4.097;
0.28680688336517485;4.181;4.155;4.116;4.107;4.103;
0.28735632183905446;4.187;4.169;4.117;4.128;4.118;
0.28790786948173974;4.219;4.172;4.118;4.127;4.116;
0.2884615384615123;4.187;4.186;4.116;4.122;4.119;
0.28901734104043614;4.188;4.168;4.149;4.146;4.14;
0.28957528957526324;4.198;4.172;4.123;4.12;4.126;
0.2901353965183488;4.192;4.172;4.134;4.119;4.117;
0.2906976744185781;4.191;4.165;4.125;4.125;4.119;
0.29126213592230343;4.226;4.188;4.121;4.124;4.12;
0.2918287937742923;4.186;4.171;4.118;4.117;4.12;
0.2923976608186866;4.199;4.195;4.16;4.164;4.16;
0.2929687499999731;4.237;4.218;4.175;4.17;4.17;
0.2935420743639651;4.257;4.244;4.207;4.189;4.188;
0.2941176470587964;4.285;4.268;4.222;4.227;4.216;
0.2946954813359256;4.325;4.297;4.225;4.223;4.22;
0.29527559055115377;4.296;4.277;4.254;4.232;4.231;
0.29585798816565306;4.302;4.283;4.238;4.253;4.244;
0.29644268774700805;4.31;4.29;4.241;4.228;4.236;
0.2970297029702694;4.304;4.28;4.24;4.236;4.225;
0.2976190476190199;4.328;4.286;4.238;4.231;4.227;
0.2982107355864533;4.314;4.306;4.231;4.226;4.225;
0.2988047808764661;4.319;4.283;4.259;4.225;4.234;
0.29940119760476236;4.306;4.286;4.231;4.276;4.246;
0.29999999999997184;4.342;4.327;4.27;4.257;4.255;
0.3006012024047814;4.352;4.335;4.287;4.28;4.275;
0.3012048192770801;4.395;4.354;4.302;4.321;4.323;
0.30181086519111844;4.401;4.44;4.327;4.321;4.318;
0.3024193548386811;4.411;4.398;4.361;4.357;4.338;
0.30303030303027434;4.415;4.388;4.344;4.36;4.35;
0.3036437246963275;4.41;4.399;4.34;4.335;4.351;
0.30425963488840924;4.412;4.386;4.355;4.34;4.333;
0.3048780487804588;4.44;4.415;4.337;4.344;4.336;
0.305498981670032;4.405;4.392;4.337;4.346;4.342;
0.30612244897956264;4.405;4.396;4.369;4.341;4.348;
0.3067484662576394;4.41;4.389;4.344;4.342;4.362;
0.30737704918029846;4.405;4.388;4.344;4.33;4.336;
0.3080082135523319;4.484;4.428;4.382;4.393;4.384;
0.3086419753086123;4.483;4.484;4.407;4.404;4.405;
0.3092783505154342;4.494;4.493;4.451;4.425;4.433;
0.30991735537187093;4.513;4.488;4.446;4.463;4.468;
0.3105590062111501;4.515;4.495;4.445;4.44;4.444;
0.31120331950204455;4.521;4.485;4.45;4.448;4.44;
0.3118503118502816;4.552;4.498;4.446;4.436;4.443;
0.31249999999996964;4.51;4.5;4.441;4.443;4.447;
0.3131524008350426;4.513;4.501;4.465;4.442;4.441;
0.31380753138072254;4.516;4.494;4.446;4.474;4.466;
0.31446540880500073;4.528;4.492;4.443;4.442;4.438;
0.31512605042013725;4.579;4.533;4.488;4.498;4.482;
0.3157894736841796;4.575;4.583;4.522;4.501;4.504;
0.3164556962025006;4.589;4.568;4.536;4.518;4.521;
0.31712473572935573;4.62;4.585;4.544;4.565;4.552;
0.3177966101694602;4.624;4.622;4.552;4.547;4.546;
0.3184713375795864;4.627;4.596;4.56;4.559;4.548;
0.3191489361701812;4.642;4.627;4.549;4.552;4.552;
0.31982942430700456;4.619;4.597;4.547;4.546;4.56;
0.32051282051278873;4.618;4.608;4.6;4.553;4.546;
0.3211991434689188;4.633;4.613;4.555;4.585;4.587;
0.3218884120171353;4.621;4.609;4.556;4.548;4.548;
0.3225806451612581;4.686;4.64;4.587;4.6;4.592;
0.3232758620689332;4.677;4.69;4.598;4.6;4.603;
0.32397408207340167;4.694;4.679;4.652;4.622;4.626;
0.3246753246752921;4.721;4.693;4.643;4.673;4.657;
0.32537960954443584;4.732;4.716;4.663;4.662;4.668;
0.3260869565217063;4.761;4.715;4.69;4.662;4.657;
0.32679738562088206;4.731;4.745;4.673;4.657;4.658;
0.3275109170305346;4.765;4.719;4.657;4.655;4.669;
0.3282275711159405;4.752;4.717;4.69;4.683;4.67;
0.32894736842101924;4.735;4.726;4.668;4.663;4.661;
0.32967032967029614;4.768;4.719;4.68;4.658;4.655;
0.3303964757708915;4.781;4.788;4.704;4.709;4.698;
0.33112582781453576;4.808;4.787;4.726;4.733;4.718;
0.33185840707961206;4.842;4.806;4.775;4.749;4.747;
0.3325942350332253;4.844;4.869;4.775;4.794;4.788;
0.3333333333332991;4.876;4.841;4.778;4.761;4.772;
0.3340757238307006;4.848;4.865;4.771;4.774;4.768;
0.3348214285713941;4.848;4.828;4.77;4.767;4.791;
0.3355704697986231;4.853;4.861;4.798;4.764;4.766;
0.3363228699551222;4.845;4.829;4.77;4.801;4.782;
0.33707865168535833;4.868;4.838;4.771;4.765;4.764;
0.33783783783780275;4.89;4.89;4.809;4.819;4.806;
0.3386004514672334;4.907;4.897;4.833;4.831;4.825;
0.33936651583706867;4.936;4.941;4.884;4.852;4.851;
0.34013605442173317;4.947;4.937;4.873;4.895;4.891;
0.34090909090905525;4.968;4.929;4.879;4.871;4.881;
0.34168564920269767;4.948;4.966;4.89;4.875;4.871;
0.34246575342462154;4.944;4.933;4.876;4.871;4.868;
0.343249427917584;4.946;4.943;4.916;4.87;4.873;
0.3440366972476701;4.943;4.931;4.877;4.904;4.889;
0.3448275862068601;4.969;4.933;4.879;4.871;4.873;
0.3456221198156316;4.983;4.993;4.923;4.923;4.912;
0.34642032332559836;5.012;4.993;4.936;4.94;4.932;
0.3472222222221853;5.042;5.023;4.982;4.962;4.962;
0.3480278422273411;5.055;5.051;4.979;5.031;4.994;
0.34883720930228834;5.08;5.027;4.98;4.975;4.981;
0.3496503496503123;5.046;5.053;4.983;4.983;4.981;
0.3504672897195886;5.049;5.032;4.978;4.987;4.978;
0.35128805620605125;5.053;5.039;5.027;4.976;4.983;
0.35211267605630014;5.055;5.032;4.979;5.014;4.993;
0.3529411764705502;5.113;5.072;5.028;5.018;5.021;
0.35377358490562216;5.107;5.124;5.043;5.044;5.036;
0.3546099290779758;5.133;5.128;5.056;5.071;5.056;
0.35545023696678607;5.164;5.13;5.099;5.083;5.081;
0.3562945368170634;5.164;5.143;5.094;5.114;5.103;
0.35714285714281824;5.195;5.146;5.095;5.087;5.089;
0.3579952267302712;5.156;5.16;5.087;5.09;5.083;
0.35885167464110906;5.16;5.146;5.078;5.088;5.079;
0.3597122302157879;5.172;5.14;5.108;5.087;5.105;
0.36057692307688344;5.212;5.196;5.125;5.159;5.149;
0.3614457831324903;5.247;5.203;5.154;5.14;5.141;
0.3623188405796702;5.244;5.253;5.164;5.176;5.173;
0.36319612590795014;5.266;5.25;5.191;5.195;5.18;
0.36407766990287227;5.279;5.279;5.216;5.193;5.194;
0.3649635036495945;5.302;5.246;5.194;5.212;5.214;
0.36585365853654467;5.275;5.257;5.207;5.19;5.194;
0.3667481662591278;5.283;5.274;5.191;5.193;5.187;
0.36764705882348836;5.316;5.306;5.228;5.222;5.237;
0.3685503685503273;5.334;5.316;5.281;5.263;5.263;
0.36945812807877626;5.379;5.344;5.275;5.278;5.275;
0.3703703703703287;5.373;5.377;5.309;5.296;5.283;
0.37128712871282943;5.386;5.363;5.298;5.298;5.295;
0.3722084367245237;5.403;5.365;5.331;5.294;5.295;
0.37313432835816673;5.397;5.367;5.303;5.336;5.311;
0.37406483790519446;5.419;5.37;5.308;5.297;5.301;
0.37499999999995737;5.442;5.428;5.329;5.341;5.333;
0.37593984962401733;5.445;5.421;5.351;5.359;5.363;
0.3768844221105097;5.463;5.444;5.394;5.372;5.372;
0.37783375314857137;5.507;5.46;5.398;5.416;5.418;
0.3787878787878353;5.489;5.485;5.416;5.396;5.403;
0.3797468354429943;5.506;5.471;5.404;5.418;5.41;
0.3807106598984333;5.493;5.471;5.402;5.405;5.404;
0.38167938931293305;5.495;5.469;5.441;5.431;5.421;
0.38265306122444553;5.567;5.509;5.449;5.442;5.446;
0.38363171355494274;5.545;5.554;5.472;5.471;5.462;
0.3846153846153399;5.577;5.559;5.486;5.482;5.484;
0.3856041131104949;5.589;5.57;5.53;5.502;5.505;
0.3865979381442848;5.617;5.576;5.51;5.536;5.526;
0.3875968992247608;5.592;5.597;5.516;5.51;5.517;
0.38860103626938447;5.595;5.573;5.561;5.519;5.509;
0.38961038961034383;5.603;5.575;5.547;5.51;5.513;
0.390624999999954;5.733;5.615;5.582;5.58;5.566;
0.39164490861614176;5.655;5.63;5.574;5.565;5.616;
0.39267015706801633;5.678;5.681;5.61;5.597;5.601;
0.3937007874015281;5.694;5.678;5.613;5.609;5.609;
0.3947368421052162;5.696;5.688;5.64;5.616;5.618;
0.39577836411604783;5.731;5.691;5.618;5.642;5.64;
0.3968253968253494;5.696;5.705;5.626;5.609;5.614;
0.397877984084833;5.749;5.724;5.657;5.673;5.655;
0.39893617021271804;5.761;5.744;5.691;5.67;5.672;
0.3999999999999519;5.808;5.76;5.709;5.735;5.716;
0.4010695187165292;5.801;5.795;5.723;5.719;5.73;
0.40214477211791383;5.811;5.789;5.722;5.731;5.719;
0.40322580645156403;5.814;5.791;5.724;5.726;5.723;
0.40431266846356273;5.841;5.8;5.748;5.723;5.734;
0.405405405405356;5.85;5.83;5.769;5.787;5.793;
0.40650406504060077;5.872;5.873;5.787;5.787;5.779;
0.40760869565212404;5.899;5.87;5.798;5.798;5.801;
0.4087193460489962;5.928;5.896;5.846;5.817;5.824;
0.4098360655737201;5.949;5.897;5.831;5.842;5.854;
0.4109589041095384;5.918;5.916;5.843;5.829;5.831;
0.41208791208786116;5.92;5.9;5.833;5.833;5.828;
0.4132231404958166;5.966;5.944;5.9;5.869;5.874;
0.41436464088392644;6.021;5.991;5.901;5.907;5.919;
0.4155124653739095;6.004;6.01;5.927;5.907;5.916;
0.41666666666661467;6.024;6.001;5.931;5.946;5.935;
0.417827298050087;6.033;6.041;5.947;5.938;5.936;
0.4189944134077687;6.057;6.005;5.962;5.954;5.963;
0.42016806722683797;6.069;6.082;5.989;5.974;5.977;
0.4213483146066885;6.092;6.081;5.997;5.996;5.995;
0.4225352112675523;6.11;6.101;6.016;6.015;6.068;
0.4237288135592684;6.156;6.102;6.058;6.06;6.055;
0.424929178470201;6.138;6.136;6.041;6.035;6.078;
0.4261363636363094;6.15;6.121;6.057;6.059;6.048;
0.4273504273503728;6.149;6.125;6.041;6.049;6.053;
0.42857142857137376;6.231;6.169;6.125;6.122;6.133;
0.42979942693404233;6.217;6.222;6.125;6.126;6.134;
0.43103448275856526;6.244;6.218;6.153;6.146;6.134;
0.43227665706046303;6.238;6.229;6.143;6.147;6.147;
0.43352601156063764;6.276;6.23;6.18;6.154;6.156;
0.4347826086955959;6.248;6.248;6.153;6.212;6.185;
0.43604651162785035;6.328;6.283;6.208;6.216;6.201;
0.4373177842565028;6.351;6.31;6.222;6.229;6.225;
0.4385964912280129;6.381;6.319;6.309;6.251;6.249;
0.4398826979471565;6.365;6.356;6.258;6.26;6.276;
0.4411764705881774;6.377;6.346;6.279;6.266;6.257;
0.4424778761061365;6.388;6.364;6.288;6.28;6.272;
0.44378698224846214;6.453;6.393;6.344;6.332;6.334;
0.4451038575667067;6.448;6.443;6.342;6.351;6.355;
0.4464285714285122;6.477;6.431;6.367;6.359;6.353;
0.4477611940297912;6.509;6.44;6.357;6.369;6.352;
0.4491017964071257;6.481;6.439;6.398;6.403;6.387;
0.4504504504503902;6.519;6.5;6.414;6.408;6.406;
0.4518072289156021;6.539;6.509;6.426;6.428;6.425;
0.45317220543800557;6.576;6.522;6.44;6.446;6.445;
0.4545454545453933;6.573;6.535;6.484;6.496;6.495;
0.4559270516716709;6.593;6.572;6.475;6.466;6.472;
0.4573170731706697;6.596;6.555;6.472;6.486;6.474;
0.4587155963302129;6.686;6.623;6.561;6.528;6.528;
0.46012269938644035;6.672;6.631;6.554;6.596;6.571;
0.46153846153839845;6.687;6.672;6.575;6.564;6.585;
0.4629629629628995;6.693;6.661;6.572;6.576;6.573;
0.46439628482965756;6.708;6.659;6.606;6.576;6.587;
0.465838509316706;6.734;6.719;6.623;6.66;6.644;
0.46728971962610366;6.78;6.729;6.667;6.652;6.645;
0.46874999999993505;6.819;6.754;6.663;6.675;6.672;
0.4702194357366118;6.801;6.755;6.706;6.676;6.675;
0.47169811320748145;6.808;6.784;6.69;6.713;6.708;
0.4731861198737509;6.845;6.822;6.745;6.735;6.727;
0.47468354430373094;6.891;6.846;6.795;6.748;6.782;
0.4761904761904093;6.9;6.862;6.831;6.799;6.802;
0.4777070063693594;6.914;6.884;6.795;6.779;6.791;
0.479233226836993;6.934;6.885;6.789;6.807;6.789;
0.4807692307691626;6.961;6.914;6.875;6.836;6.833;
0.4823151125401244;6.982;6.96;6.896;6.881;6.876;
0.4838709677418665;7.012;6.978;6.898;6.885;6.89;
0.4854368932038141;7.047;6.981;6.892;6.885;6.896;
0.4870129870129172;7.021;6.983;6.941;6.902;6.902;
0.48859934853413167;7.082;7.056;6.953;6.962;6.991;
0.49019607843130186;7.136;7.068;6.976;6.983;6.974;
0.4918032786884534;7.129;7.083;7.016;6.989;6.992;
0.4934210526315074;7.125;7.115;6.998;7.023;7.016;
0.495049504950423;7.176;7.133;7.041;7.043;7.036;
0.4966887417217818;7.217;7.159;7.064;7.068;7.064;
0.49833887043182074;7.207;7.175;7.152;7.088;7.085;
0.49999999999992656;7.236;7.218;7.113;7.135;7.129;
0.5016722408026016;7.268;7.217;7.111;7.125;7.112;
0.5033557046979122;7.282;7.241;7.19;7.161;7.153;
0.5050505050504303;7.325;7.304;7.192;7.217;7.209;
0.5067567567566814;7.331;7.3;7.214;7.21;7.205;
0.5084745762711106;7.365;7.305;7.21;7.226;7.209;
0.5102040816325768;7.387;7.349;7.301;7.275;7.271;
0.5119453924913908;7.416;7.383;7.293;7.304;7.31;
0.513698630136909;7.472;7.395;7.302;7.312;7.301;
0.5154639175256954;7.444;7.405;7.356;7.35;7.318;
0.5172413793102665;7.462;7.437;7.328;7.364;7.348;
0.5190311418684332;7.549;7.499;7.404;7.394;7.402;
0.520833333333254;7.548;7.51;7.413;7.412;7.433;
0.5226480836236135;7.563;7.543;7.481;7.455;7.442;
0.5244755244754441;7.569;7.524;7.448;7.433;7.438;
0.5263157894736032;7.655;7.601;7.497;7.543;7.494;
0.5281690140844255;7.665;7.631;7.556;7.549;7.519;
0.5300353356889639;7.669;7.63;7.547;7.564;7.551;
0.5319148936169387;7.696;7.634;7.545;7.544;7.534;
0.5338078291814115;7.726;7.698;7.63;7.607;7.607;
0.535714285714202;7.795;7.743;7.627;7.656;7.645;
0.5376344086020662;7.807;7.742;7.644;7.654;7.635;
0.5395683453236562;7.776;7.733;7.661;7.662;7.653;
0.5415162454872792;7.854;7.834;7.724;7.747;7.739;
0.5434782608694791;7.895;7.837;7.756;7.735;7.738;
0.5454545454544588;7.886;7.846;7.749;7.744;7.743;
0.5474452554743653;7.925;7.889;7.813;7.798;7.806;
0.5494505494504616;7.998;7.927;7.833;7.824;7.836;
0.5514705882352056;7.985;7.94;7.842;7.853;7.838;
0.5535055350552615;7.998;7.97;7.878;7.874;7.861;
0.5555555555554658;8.069;8.006;7.913;7.913;7.934;
0.5576208178437758;8.077;8.03;7.932;7.934;7.941;
0.5597014925372223;8.112;8.082;7.991;7.958;7.97;
0.5617977528088971;8.135;8.076;7.979;7.99;8.024;
0.5639097744359979;8.184;8.117;8.024;8.026;8.028;
0.5660377358489636;8.197;8.169;8.076;8.076;8.058;
0.5681818181817244;8.207;8.169;8.075;8.101;8.095;
0.5703422053230995;8.275;8.21;8.118;8.121;8.12;
0.5725190839693706;8.29;8.293;8.163;8.176;8.162;
0.5747126436780652;8.335;8.286;8.179;8.205;8.209;
0.5769230769229804;8.342;8.283;8.19;8.188;8.185;
0.579150579150482;8.472;8.37;8.301;8.261;8.251;
0.5813953488371114;8.439;8.376;8.277;8.297;8.294;
0.5836575875485395;8.427;8.389;8.311;8.28;8.293;
0.5859374999999006;8.479;8.462;8.366;8.329;8.341;
0.5882352941175469;8.552;8.491;8.386;8.438;8.4;
0.5905511811022613;8.545;8.507;8.41;8.405;8.39;
0.5928853754939695;8.592;8.567;8.472;8.474;8.44;
0.5952380952379928;8.645;8.583;8.484;8.49;8.475;
0.5976095617528848;8.651;8.616;8.511;8.51;8.498;
0.599999999999896;8.697;8.677;8.57;8.537;8.579;
0.602409638554112;8.762;8.681;8.597;8.598;8.614;
0.6048387096773137;8.758;8.709;8.616;8.618;8.619;
0.607287449392606;8.77;8.744;8.634;8.651;8.614;
0.6097560975608683;8.853;8.792;8.685;8.694;8.692;
0.6122448979590756;8.851;8.822;8.717;8.712;8.725;
0.6147540983605467;8.863;8.846;8.752;8.763;8.732;
0.6172839506171741;8.948;8.895;8.797;8.787;8.797;
0.6198347107436909;8.966;8.911;8.816;8.834;8.822;
0.6224066390040378;9.001;8.957;8.868;8.868;8.854;
0.6249999999998875;9.037;8.987;8.902;8.902;8.9;
0.6276150627613929;9.076;9.047;8.955;8.925;8.948;
0.6302521008402218;9.149;9.08;8.975;8.997;8.986;
0.632911392404948;9.152;9.103;9.014;9.016;9.01;
0.6355932203388669;9.186;9.156;9.059;9.044;9.05;
0.6382978723403084;9.245;9.18;9.091;9.099;9.096;
0.641025641025523;9.276;9.222;9.13;9.133;9.14;
0.6437768240342157;9.301;9.269;9.175;9.175;9.155;
0.6465517241378109;9.365;9.304;9.214;9.209;9.223;
0.6493506493505282;9.402;9.358;9.238;9.271;9.23;
0.6521739130433561;9.419;9.381;9.297;9.275;9.271;
0.6550218340610122;9.476;9.448;9.364;9.323;9.321;
0.6578947368419811;9.549;9.492;9.401;9.367;9.368;
0.660792951541725;9.631;9.536;9.449;9.431;9.417;
0.6637168141591657;9.63;9.562;9.473;9.466;9.457;
0.6666666666665393;9.666;9.624;9.52;9.509;9.475;
0.6696428571427286;9.707;9.665;9.568;9.628;9.544;
0.6726457399101843;9.744;9.703;9.574;9.579;9.568;
0.675675675675545;9.798;9.734;9.659;9.654;9.635;
0.6787330316740763;9.825;9.777;9.674;9.675;9.667;
0.6818181818180488;9.848;9.826;9.731;9.69;9.689;
0.6849315068491809;9.898;9.87;9.766;9.765;9.765;
0.6880733944952775;9.936;9.933;9.8;9.787;9.783;
0.6912442396311999;10.013;9.945;9.877;9.875;9.854;
0.6944444444443066;10.028;9.978;9.883;9.894;9.877;
0.6976744186045122;10.106;10.049;9.966;9.982;9.935;
0.7009345794391121;10.127;10.082;9.973;9.987;9.988;
0.7042253521125345;10.167;10.135;10.008;10.004;10.006;
0.7075471698111779;10.237;10.17;10.085;10.092;10.079;
0.7109004739335051;10.271;10.199;10.094;10.117;10.102;
0.7142857142855688;10.339;10.289;10.198;10.178;10.154;
0.7177033492821498;10.358;10.326;10.207;10.239;10.213;
0.7211538461536979;10.409;10.386;10.249;10.283;10.257;
0.7246376811592707;10.483;10.426;10.308;10.333;10.331;
0.7281553398056743;10.525;10.473;10.362;10.379;10.358;
0.7317073170730183;10.589;10.559;10.464;10.421;10.401;
0.735294117646905;10.645;10.592;10.479;10.493;10.489;
0.7389162561574801;10.716;10.659;10.531;10.509;10.516;
0.7425742574255857;10.772;10.697;10.586;10.618;10.593;
0.7462686567162595;10.79;10.757;10.611;10.646;10.598;
0.7499999999998401;10.9;10.809;10.72;10.708;10.696;
0.7537688442209441;10.905;10.836;10.731;10.726;10.701;
0.7575757575755946;10.993;10.931;10.817;10.807;10.791;
0.7614213197967897;11.004;10.944;10.833;10.864;10.846;
0.7653061224488134;11.089;11.04;10.923;10.939;10.902;
0.7692307692306013;11.106;11.067;10.947;10.961;10.959;
0.7731958762884902;11.214;11.15;10.999;11.02;10.996;
0.7772020725386888;11.241;11.165;11.068;11.09;11.075;
0.781249999999827;11.285;11.238;11.126;11.12;11.098;
0.7853403141359508;11.345;11.281;11.19;11.194;11.177;
0.7894736842103498;11.522;11.366;11.245;11.243;11.236;
0.7936507936506153;11.689;11.394;11.298;11.301;11.282;
0.7978723404253517;11.52;11.456;11.35;11.37;11.356;
0.802139037432973;11.592;11.569;11.417;11.398;11.388;
0.8064516129030418;11.64;11.589;11.467;11.496;11.508;
0.8108108108106249;11.743;11.71;11.551;11.543;11.542;
0.8152173913041599;11.779;11.703;11.585;11.609;11.606;
0.8196721311473512;11.871;11.808;11.654;11.667;11.651;
0.8241758241756323;11.874;11.867;11.739;11.734;11.737;
0.8287292817677618;11.978;11.922;11.781;11.771;11.768;
0.8333333333331373;12.028;11.991;11.882;11.889;11.917;
0.8379888268154443;12.094;12.04;11.902;11.903;11.896;
0.8426966292132828;12.168;12.122;12.012;12.027;12.011;
0.8474576271184415;12.261;12.187;12.044;12.043;12.055;
0.8522727272725225;12.298;12.231;12.13;12.131;12.218;
0.85714285714265;12.399;12.324;12.182;12.195;12.185;
0.8620689655170319;12.433;12.358;12.265;12.268;12.254;
0.8670520231211756;12.563;12.481;12.337;12.323;12.326;
0.8720930232555998;12.617;12.529;12.432;12.443;12.434;
0.8771929824559238;12.69;12.612;12.469;12.467;12.449;
0.8823529411762515;12.752;12.685;12.573;12.573;12.557;
0.8875739644968198;12.856;12.819;12.643;12.623;12.626;
0.8928571428569188;12.936;12.854;12.74;12.808;12.726;
0.8982035928141445;13.008;12.906;12.765;12.772;12.74;
0.9036144578310958;13.056;12.995;12.867;12.868;12.857;
0.9090909090906769;13.171;13.081;12.932;12.921;12.907;
0.9146341463412285;13.205;13.122;13.024;13.009;13.025;
0.9202453987727685;13.303;13.227;13.102;13.101;13.065;
0.9259259259256853;13.379;13.294;13.191;13.233;13.183;
0.9316770186332969;13.499;13.404;13.234;13.241;13.256;
0.9374999999997535;13.543;13.455;13.366;13.393;13.354;
0.9433962264148448;13.634;13.543;13.411;13.411;13.399;
0.9493670886073421;13.73;13.627;13.486;13.533;13.5;
0.9554140127385975;13.797;13.797;13.581;13.581;13.606;
0.9615384615382022;13.91;13.807;13.661;13.699;13.691;
0.9677419354836082;13.997;13.906;13.78;13.788;13.753;
0.9740259740257079;14.063;13.973;13.831;13.807;13.846;
0.9803921568624754;14.171;14.06;13.961;13.939;13.966;
0.9868421052628846;14.264;14.173;14.001;14.011;13.99;
0.9933774834434317;14.348;14.25;14.154;14.145;14.115;
0.9999999999997193;14.435;14.396;14.213;14.207;14.124;
