100;0.029
101;0.027
102;0.025
103;0.025
104;0.025
105;0.035
106;0.028
107;0.026
108;0.026
109;0.027
110;0.03
111;0.026
112;0.025
113;0.025
114;0.031
115;0.028
116;0.027
117;0.026
118;0.026
119;0.025
120;0.026
121;0.026
122;0.029
123;0.025
124;0.027
125;0.027
126;0.025
127;0.025
128;0.025
129;0.025
130;0.027
131;0.026
132;0.026
133;0.025
134;0.025
135;0.027
136;0.026
137;0.026
138;0.025
139;0.026
140;0.027
141;0.026
142;0.027
143;0.026
144;0.026
145;0.026
146;0.028
147;0.026
148;0.027
149;0.027
150;0.066
151;0.069
152;0.071
153;0.071
154;0.072
155;0.087
156;0.089
157;0.089
158;0.089
159;0.088
160;0.101
161;0.111
162;0.109
163;0.104
164;0.105
165;0.111
166;0.118
167;0.114
168;0.117
169;0.116
170;0.118
171;0.118
172;0.116
173;0.119
174;0.116
175;0.119
176;0.126
177;0.134
178;0.12
179;0.118
180;0.121
181;0.126
182;0.118
183;0.118
184;0.116
185;0.117
186;0.119
187;0.118
188;0.117
189;0.116
190;0.119
191;0.118
192;0.117
193;0.118
194;0.118
195;0.117
196;0.116
197;0.119
198;0.119
199;0.119
200;0.127
201;0.125
202;0.128
203;0.125
204;0.125
205;0.13
206;0.133
207;0.132
208;0.132
209;0.134
210;0.13
211;0.135
212;0.138
213;0.14
214;0.14
215;0.136
216;0.134
217;0.136
218;0.137
219;0.137
220;0.134
221;0.138
222;0.135
223;0.138
224;0.136
225;0.142
226;0.143
227;0.141
228;0.14
229;0.139
230;0.14
231;0.139
232;0.14
233;0.138
234;0.139
235;0.143
236;0.143
237;0.143
238;0.141
239;0.142
240;0.15
241;0.146
242;0.153
243;0.175
244;0.163
245;0.154
246;0.157
247;0.163
248;0.144
249;0.16
250;0.141
251;0.169
252;0.141
253;0.151
254;0.147
255;0.16
256;0.142
257;0.153
258;0.146
259;0.152
260;0.154
261;0.144
262;0.164
263;0.157
264;0.165
265;0.156
266;0.172
267;0.18
268;0.159
269;0.165
270;0.162
271;0.154
272;0.16
273;0.154
274;0.151
275;0.146
276;0.15
277;0.151
278;0.149
279;0.156
280;0.16
281;0.157
282;0.161
283;0.157
284;0.147
285;0.159
286;0.144
287;0.157
288;0.139
289;0.156
290;0.145
291;0.149
292;0.138
293;0.143
294;0.14
295;0.151
296;0.139
297;0.137
298;0.135
299;0.136
300;0.155
301;0.183
302;0.184
303;0.179
304;0.178
305;0.188
306;0.195
307;0.195
308;0.211
309;0.201
310;0.21
311;0.25
312;0.225
313;0.214
314;0.213
315;0.24
316;0.229
317;0.228
318;0.226
319;0.226
320;0.226
321;0.231
322;0.226
323;0.226
324;0.226
325;0.227
326;0.227
327;0.23
328;0.232
329;0.232
330;0.236
331;0.23
332;0.227
333;0.23
334;0.235
335;0.277
336;0.241
337;0.243
338;0.249
339;0.24
340;0.244
341;0.259
342;0.242
343;0.252
344;0.267
345;0.265
346;0.258
347;0.252
348;0.262
349;0.266
350;0.243
351;0.251
352;0.272
353;0.261
354;0.241
355;0.275
356;0.262
357;0.255
358;0.259
359;0.266
360;0.3
361;0.285
362;0.286
363;0.28
364;0.266
365;0.268
366;0.255
367;0.264
368;0.271
369;0.249
370;0.261
371;0.252
372;0.247
373;0.247
374;0.249
375;0.247
376;0.249
377;0.247
378;0.247
379;0.247
380;0.246
381;0.249
382;0.247
383;0.25
384;0.249
385;0.246
386;0.248
387;0.252
388;0.247
389;0.247
390;0.247
391;0.247
392;0.249
393;0.247
394;0.25
395;0.248
396;0.247
397;0.266
398;0.262
399;0.249
400;0.251
401;0.254
402;0.268
403;0.295
404;0.266
405;0.266
406;0.274
407;0.268
408;0.272
409;0.268
410;0.273
411;0.267
412;0.26
413;0.265
414;0.267
415;0.266
416;0.257
417;0.262
418;0.277
419;0.263
420;0.264
421;0.263
422;0.262
423;0.272
424;0.268
425;0.259
426;0.283
427;0.278
428;0.271
429;0.273
430;0.272
431;0.265
432;0.258
433;0.255
434;0.268
435;0.258
436;0.253
437;0.253
438;0.252
439;0.264
440;0.255
441;0.249
442;0.248
443;0.253
444;0.25
445;0.254
446;0.248
447;0.248
448;0.248
449;0.25
450;0.28
451;0.307
452;0.308
453;0.312
454;0.318
455;0.345
456;0.343
457;0.314
458;0.316
459;0.33
460;0.333
461;0.36
462;0.368
463;0.362
464;0.385
465;0.369
466;0.38
467;0.372
468;0.364
469;0.359
470;0.384
471;0.384
472;0.363
473;0.377
474;0.387
475;0.39
476;0.371
477;0.354
478;0.391
479;0.385
480;0.363
481;0.389
482;0.369
483;0.366
484;0.371
485;0.352
486;0.372
487;0.371
488;0.364
489;0.356
490;0.379
491;0.357
492;0.344
493;0.348
494;0.341
495;0.341
496;0.343
497;0.34
498;0.344
499;0.341
500;0.345
501;0.348
502;0.349
503;0.346
504;0.351
505;0.35
506;0.355
507;0.354
508;0.352
509;0.352
510;0.366
511;0.36
512;0.36
513;0.401
514;0.411
515;0.399
516;0.396
517;0.387
518;0.392
519;0.398
520;0.39
521;0.402
522;0.378
523;0.392
524;0.379
525;0.391
526;0.387
527;0.403
528;0.404
529;0.393
530;0.385
531;0.407
532;0.395
533;0.39
534;0.389
535;0.403
536;0.381
537;0.362
538;0.398
539;0.367
540;0.366
541;0.383
542;0.373
543;0.369
544;0.36
545;0.361
546;0.365
547;0.36
548;0.36
549;0.36
550;0.36
551;0.36
552;0.359
553;0.36
554;0.361
555;0.36
556;0.36
557;0.36
558;0.361
559;0.365
560;0.394
561;0.404
562;0.403
563;0.392
564;0.39
565;0.398
566;0.401
567;0.393
568;0.399
569;0.403
570;0.389
571;0.403
572;0.388
573;0.399
574;0.41
575;0.394
576;0.388
577;0.4
578;0.397
579;0.382
580;0.384
581;0.376
582;0.407
583;0.384
584;0.368
585;0.368
586;0.358
587;0.361
588;0.358
589;0.367
590;0.368
591;0.363
592;0.361
593;0.362
594;0.357
595;0.36
596;0.367
597;0.381
598;0.385
599;0.384
600;0.411
601;0.43
602;0.425
603;0.432
604;0.426
605;0.488
606;0.48
607;0.521
608;0.472
609;0.483
610;0.487
611;0.514
612;0.488
613;0.503
614;0.508
615;0.502
616;0.49
617;0.518
618;0.516
619;0.496
620;0.503
621;0.506
622;0.502
623;0.509
624;0.476
625;0.458
626;0.48
627;0.481
628;0.469
629;0.467
630;0.515
631;0.483
632;0.484
633;0.468
634;0.477
635;0.517
636;0.539
637;0.501
638;0.458
639;0.468
640;0.47
641;0.452
642;0.487
643;0.529
644;0.491
645;0.482
646;0.511
647;0.484
648;0.49
649;0.512
650;0.481
651;0.498
652;0.533
653;0.508
654;0.512
655;0.519
656;0.499
657;0.485
658;0.495
659;0.51
660;0.509
661;0.482
662;0.477
663;0.467
664;0.464
665;0.465
666;0.467
667;0.504
668;0.47
669;0.471
670;0.468
671;0.466
672;0.464
673;0.465
674;0.464
675;0.471
676;0.466
677;0.467
678;0.466
679;0.47
680;0.522
681;0.536
682;0.532
683;0.51
684;0.52
685;0.506
686;0.509
687;0.506
688;0.505
689;0.526
690;0.521
691;0.53
692;0.512
693;0.527
694;0.52
695;0.516
696;0.515
697;0.519
698;0.482
699;0.477
700;0.489
701;0.465
702;0.469
703;0.472
704;0.465
705;0.502
706;0.478
707;0.502
708;0.521
709;0.509
710;0.525
711;0.525
712;0.514
713;0.528
714;0.472
715;0.503
716;0.532
717;0.508
718;0.521
719;0.514
720;0.492
721;0.513
722;0.51
723;0.515
724;0.535
725;0.523
726;0.52
727;0.514
728;0.493
729;0.506
730;0.506
731;0.486
732;0.501
733;0.505
734;0.482
735;0.473
736;0.493
737;0.468
738;0.477
739;0.468
740;0.466
741;0.466
742;0.465
743;0.466
744;0.466
745;0.467
746;0.468
747;0.467
748;0.467
749;0.467
750;0.494
751;0.542
752;0.526
753;0.571
754;0.565
755;0.573
756;0.559
757;0.58
758;0.559
759;0.573
760;0.584
761;0.592
762;0.592
763;0.626
764;0.614
765;0.636
766;0.618
767;0.647
768;0.678
769;0.603
770;0.604
771;0.606
772;0.597
773;0.588
774;0.6
775;0.603
776;0.606
777;0.609
778;0.596
779;0.604
780;0.595
781;0.648
782;0.613
783;0.635
784;0.655
785;0.661
786;0.63
787;0.658
788;0.625
789;0.652
790;0.613
791;0.631
792;0.65
793;0.633
794;0.622
795;0.592
796;0.606
797;0.587
798;0.584
799;0.581
800;0.566
801;0.565
802;0.563
803;0.563
804;0.562
805;0.567
806;0.574
807;0.607
808;0.572
809;0.572
810;0.575
811;0.576
812;0.577
813;0.588
814;0.607
815;0.653
816;0.639
817;0.636
818;0.635
819;0.644
820;0.622
821;0.648
822;0.64
823;0.626
824;0.634
825;0.62
826;0.616
827;0.622
828;0.636
829;0.61
830;0.584
831;0.604
832;0.589
833;0.596
834;0.603
835;0.585
836;0.579
837;0.58
838;0.582
839;0.581
840;0.581
841;0.577
842;0.587
843;0.575
844;0.576
845;0.634
846;0.634
847;0.633
848;0.635
849;0.631
850;0.618
851;0.625
852;0.643
853;0.643
854;0.661
855;0.627
856;0.676
857;0.628
858;0.644
859;0.646
860;0.6
861;0.609
862;0.58
863;0.59
864;0.578
865;0.584
866;0.58
867;0.576
868;0.577
869;0.581
870;0.578
871;0.581
872;0.577
873;0.576
874;0.582
875;0.576
876;0.639
877;0.672
878;0.641
879;0.657
880;0.667
881;0.631
882;0.674
883;0.646
884;0.642
885;0.665
886;0.654
887;0.624
888;0.614
889;0.65
890;0.651
891;0.643
892;0.595
893;0.584
894;0.578
895;0.58
896;0.578
897;0.586
898;0.61
899;0.589
900;0.604
901;0.622
902;0.62
903;0.617
904;0.619
905;0.634
906;0.699
907;0.703
908;0.711
909;0.71
910;0.735
911;0.715
912;0.716
913;0.758
914;0.738
915;0.74
916;0.735
917;0.725
918;0.715
919;0.739
920;0.679
921;0.708
922;0.697
923;0.691
924;0.671
925;0.668
926;0.674
927;0.677
928;0.674
929;0.666
930;0.671
931;0.666
932;0.673
933;0.706
934;0.748
935;0.74
936;0.738
937;0.747
938;0.731
939;0.742
940;0.727
941;0.761
942;0.729
943;0.745
944;0.719
945;0.73
946;0.726
947;0.705
948;0.677
949;0.696
950;0.698
951;0.693
952;0.714
953;0.708
954;0.697
955;0.684
956;0.682
957;0.68
958;0.684
959;0.698
960;0.776
961;0.774
962;0.768
963;0.739
964;0.758
965;0.761
966;0.777
967;0.752
968;0.759
969;0.744
970;0.768
971;0.806
972;0.763
973;0.696
974;0.694
975;0.686
976;0.693
977;0.688
978;0.688
979;0.701
980;0.684
981;0.685
982;0.686
983;0.686
984;0.689
985;0.757
986;0.782
987;0.758
988;0.764
989;0.74
990;0.776
991;0.777
992;0.754
993;0.776
994;0.746
995;0.786
996;0.74
997;0.741
998;0.71
999;0.696
1000;0.687
1001;0.689
1002;0.687
1003;0.691
1004;0.687
1005;0.687
1006;0.688
1007;0.686
1008;0.686
1009;0.686
1010;0.689
1011;0.739
1012;0.774
1013;0.812
1014;0.737
1015;0.774
1016;0.741
1017;0.759
1018;0.761
1019;0.781
1020;0.753
1021;0.78
1022;0.741
1023;0.773
1024;0.7
1025;0.709
1026;0.693
1027;0.693
1028;0.69
1029;0.69
1030;0.689
1031;0.699
1032;0.686
1033;0.688
1034;0.686
1035;0.736
1036;0.698
1037;0.769
1038;0.8
1039;0.77
1040;0.763
1041;0.745
1042;0.766
1043;0.773
1044;0.765
1045;0.767
1046;0.776
1047;0.749
1048;0.755
1049;0.786
1050;0.758
1051;0.737
1052;0.731
1053;0.74
1054;0.738
1055;0.74
1056;0.745
1057;0.746
1058;0.746
1059;0.75
1060;0.76
1061;0.772
1062;0.841
1063;0.881
1064;0.851
1065;0.858
1066;0.868
1067;0.828
1068;0.866
1069;0.838
1070;0.878
1071;0.824
1072;0.841
1073;0.874
1074;0.779
1075;0.778
1076;0.78
1077;0.779
1078;0.778
1079;0.777
1080;0.777
1081;0.782
1082;0.782
1083;0.777
1084;0.783
1085;0.796
1086;0.888
1087;0.875
1088;0.852
1089;0.869
1090;0.864
1091;0.865
1092;0.875
1093;0.863
1094;0.853
1095;0.845
1096;0.876
1097;0.803
1098;0.801
1099;0.791
1100;0.787
1101;0.784
1102;0.786
1103;0.785
1104;0.785
1105;0.792
1106;0.791
1107;0.792
1108;0.851
1109;0.87
1110;0.869
1111;0.878
1112;0.897
1113;0.897
1114;0.882
1115;0.871
1116;0.909
1117;0.87
1118;0.905
1119;0.862
1120;0.831
1121;0.809
1122;0.803
1123;0.797
1124;0.797
1125;0.797
1126;0.802
1127;0.8
1128;0.796
1129;0.797
1130;0.844
1131;0.893
1132;0.917
1133;0.888
1134;0.864
1135;0.868
1136;0.87
1137;0.875
1138;0.878
1139;0.873
1140;0.888
1141;0.859
1142;0.835
1143;0.844
1144;0.836
1145;0.801
1146;0.795
1147;0.796
1148;0.795
1149;0.798
1150;0.797
1151;0.796
1152;0.797
1153;0.799
1154;0.87
1155;0.895
1156;0.881
1157;0.875
1158;0.876
1159;0.895
1160;0.903
1161;0.854
1162;0.887
1163;0.866
1164;0.912
1165;0.836
1166;0.822
1167;0.806
1168;0.798
1169;0.799
1170;0.799
1171;0.8
1172;0.807
1173;0.798
1174;0.798
1175;0.797
1176;0.797
1177;0.884
1178;0.902
1179;0.889
1180;0.875
1181;0.901
1182;0.887
1183;0.864
1184;0.87
1185;0.874
1186;0.886
1187;0.897
1188;0.82
1189;0.8
1190;0.796
1191;0.798
1192;0.796
1193;0.797
1194;0.797
1195;0.8
1196;0.799
1197;0.797
1198;0.796
1199;0.827
1200;0.934
1201;0.918
1202;0.916
1203;0.933
1204;0.924
1205;0.967
1206;0.954
1207;0.94
1208;0.953
1209;0.959
1210;0.934
1211;0.915
1212;0.88
1213;0.876
1214;0.881
1215;0.884
1216;0.886
1217;0.888
1218;0.886
1219;0.903
1220;0.891
1221;0.952
1222;0.96
1223;1.005
1224;1.02
1225;1.003
1226;1.012
1227;1.047
1228;0.989
1229;0.968
1230;1.026
1231;0.907
1232;0.892
1233;0.887
1234;0.898
1235;0.886
1236;0.893
1237;0.956
1238;0.889
1239;0.889
1240;0.895
1241;0.906
1242;1.037
1243;0.955
1244;0.998
1245;0.997
1246;0.998
1247;0.985
1248;0.99
1249;0.968
1250;0.997
1251;0.993
1252;0.933
1253;0.915
1254;0.897
1255;0.898
1256;0.915
1257;0.901
1258;0.901
1259;0.902
1260;0.904
1261;0.954
1262;1.019
1263;1.008
1264;1.007
1265;1.036
1266;0.974
1267;0.999
1268;1.032
1269;0.978
1270;1.015
1271;0.94
1272;0.916
1273;0.914
1274;0.925
1275;0.911
1276;0.906
1277;0.908
1278;0.91
1279;0.909
1280;0.906
1281;0.976
1282;1.004
1283;1.009
1284;1.025
1285;0.994
1286;0.987
1287;0.987
1288;0.986
1289;1.01
1290;1.017
1291;0.958
1292;0.911
1293;0.91
1294;0.912
1295;0.915
1296;0.908
1297;0.917
1298;0.939
1299;0.912
1300;0.907
1301;0.942
1302;1.029
1303;0.995
1304;1.068
1305;1.072
1306;1.011
1307;1.01
1308;0.965
1309;1.001
1310;1.01
1311;0.925
1312;0.929
1313;0.919
1314;0.91
1315;0.909
1316;0.918
1317;0.912
1318;0.908
1319;0.909
1320;0.908
1321;0.975
1322;1.006
1323;0.996
1324;1.001
1325;1.012
1326;1.047
1327;0.988
1328;1.042
1329;1.006
1330;1.004
1331;0.961
1332;0.918
1333;0.916
1334;0.919
1335;0.917
1336;0.911
1337;0.921
1338;0.908
1339;0.908
1340;0.908
1341;0.997
1342;1.048
1343;1.024
1344;1.026
1345;1.011
1346;0.984
1347;1.005
1348;1.023
1349;0.996
1350;1.026
1351;0.98
1352;0.977
1353;0.965
1354;0.959
1355;0.978
1356;0.979
1357;0.977
1358;0.979
1359;0.976
1360;1.003
1361;1.121
1362;1.097
1363;1.083
1364;1.096
1365;1.124
1366;1.121
1367;1.083
1368;1.069
1369;1.073
1370;1.041
1371;1.041
1372;1.018
1373;1.009
1374;1.009
1375;1.007
1376;1.008
1377;1.008
1378;1.022
1379;1.095
1380;1.085
1381;1.115
1382;1.084
1383;1.118
1384;1.08
1385;1.078
1386;1.103
1387;1.081
1388;1.039
1389;1.014
1390;1.01
1391;1.064
1392;1.009
1393;1.008
1394;1.014
1395;1.012
1396;1.03
1397;1.101
1398;1.098
1399;1.077
1400;1.158
1401;1.1
1402;1.081
1403;1.076
1404;1.139
1405;1.065
1406;1.026
1407;1.026
1408;1.033
1409;1.021
1410;1.026
1411;1.027
1412;1.027
1413;1.028
1414;1.084
1415;1.1
1416;1.153
1417;1.131
1418;1.153
1419;1.123
1420;1.125
1421;1.132
1422;1.118
1423;1.08
1424;1.092
1425;1.033
1426;1.034
1427;1.041
1428;1.027
1429;1.031
1430;1.028
1431;1.028
1432;1.094
1433;1.128
1434;1.114
1435;1.091
1436;1.138
1437;1.102
1438;1.08
1439;1.126
1440;1.114
1441;1.057
1442;1.043
1443;1.031
1444;1.029
1445;1.027
1446;1.03
1447;1.027
1448;1.029
1449;1.04
1450;1.083
1451;1.118
1452;1.14
1453;1.142
1454;1.133
1455;1.13
1456;1.114
1457;1.152
1458;1.123
1459;1.085
1460;1.033
1461;1.032
1462;1.028
1463;1.028
1464;1.027
1465;1.029
1466;1.027
1467;1.036
1468;1.155
1469;1.109
1470;1.115
1471;1.129
1472;1.132
1473;1.134
1474;1.081
1475;1.107
1476;1.105
1477;1.05
1478;1.073
1479;1.053
1480;1.038
1481;1.036
1482;1.028
1483;1.029
1484;1.031
1485;1.033
1486;1.097
1487;1.132
1488;1.14
1489;1.095
1490;1.084
1491;1.127
1492;1.138
1493;1.139
1494;1.109
1495;1.124
1496;1.041
1497;1.032
1498;1.029
1499;1.03
1500;1.055
1501;1.077
1502;1.073
1503;1.071
1504;1.164
1505;1.222
1506;1.215
1507;1.15
1508;1.186
1509;1.187
1510;1.235
1511;1.216
1512;1.179
1513;1.143
1514;1.134
1515;1.137
1516;1.141
1517;1.138
1518;1.139
1519;1.137
1520;1.16
1521;1.259
1522;1.226
1523;1.223
1524;1.229
1525;1.23
1526;1.235
1527;1.216
1528;1.225
1529;1.143
1530;1.126
1531;1.121
1532;1.123
1533;1.121
1534;1.122
1535;1.122
1536;1.138
1537;1.133
1538;1.239
1539;1.221
1540;1.237
1541;1.225
1542;1.215
1543;1.219
1544;1.213
1545;1.242
1546;1.152
1547;1.133
1548;1.12
1549;1.12
1550;1.183
1551;1.137
1552;1.13
1553;1.127
1554;1.127
1555;1.264
1556;1.252
1557;1.252
1558;1.253
1559;1.247
1560;1.284
1561;1.243
1562;1.238
1563;1.174
1564;1.156
1565;1.164
1566;1.175
1567;1.142
1568;1.143
1569;1.138
1570;1.14
1571;1.161
1572;1.256
1573;1.234
1574;1.221
1575;1.223
1576;1.238
1577;1.224
1578;1.255
1579;1.226
1580;1.176
1581;1.152
1582;1.141
1583;1.14
1584;1.143
1585;1.138
1586;1.138
1587;1.155
1588;1.299
1589;1.27
1590;1.259
1591;1.248
1592;1.212
1593;1.242
1594;1.243
1595;1.193
1596;1.19
1597;1.149
1598;1.139
1599;1.18
1600;1.146
1601;1.139
1602;1.139
1603;1.169
1604;1.241
1605;1.268
1606;1.263
1607;1.224
1608;1.218
1609;1.201
1610;1.25
1611;1.237
1612;1.148
1613;1.145
1614;1.158
1615;1.149
1616;1.139
1617;1.139
1618;1.14
1619;1.164
1620;1.277
1621;1.248
1622;1.246
1623;1.252
1624;1.242
1625;1.248
1626;1.213
1627;1.206
1628;1.144
1629;1.144
1630;1.141
1631;1.143
1632;1.14
1633;1.14
1634;1.141
1635;1.172
1636;1.244
1637;1.261
1638;1.24
1639;1.285
1640;1.253
1641;1.223
1642;1.254
1643;1.205
1644;1.172
1645;1.15
1646;1.147
1647;1.151
1648;1.14
1649;1.145
1650;1.176
1651;1.243
1652;1.304
1653;1.289
1654;1.257
1655;1.318
1656;1.333
1657;1.324
1658;1.314
1659;1.266
1660;1.219
1661;1.221
1662;1.227
1663;1.222
1664;1.22
1665;1.232
1666;1.242
1667;1.379
1668;1.318
1669;1.362
1670;1.363
1671;1.343
1672;1.343
1673;1.366
1674;1.303
1675;1.261
1676;1.268
1677;1.23
1678;1.231
1679;1.232
1680;1.236
1681;1.308
1682;1.397
1683;1.329
1684;1.341
1685;1.298
1686;1.321
1687;1.358
1688;1.34
1689;1.238
1690;1.244
1691;1.249
1692;1.24
1693;1.242
1694;1.24
1695;1.251
1696;1.288
1697;1.367
1698;1.36
1699;1.323
1700;1.338
1701;1.357
1702;1.338
1703;1.374
1704;1.28
1705;1.265
1706;1.244
1707;1.246
1708;1.244
1709;1.253
1710;1.255
1711;1.319
1712;1.371
1713;1.354
1714;1.36
1715;1.342
1716;1.356
1717;1.391
1718;1.354
1719;1.273
1720;1.253
1721;1.25
1722;1.25
1723;1.255
1724;1.251
1725;1.251
1726;1.37
1727;1.363
1728;1.389
1729;1.361
1730;1.386
1731;1.371
1732;1.386
1733;1.316
1734;1.294
1735;1.257
1736;1.255
1737;1.254
1738;1.253
1739;1.315
1740;1.267
1741;1.356
1742;1.373
1743;1.356
1744;1.356
1745;1.355
1746;1.334
1747;1.381
1748;1.337
1749;1.259
1750;1.252
1751;1.253
1752;1.254
1753;1.254
1754;1.253
1755;1.253
1756;1.315
1757;1.391
1758;1.37
1759;1.368
1760;1.384
1761;1.356
1762;1.373
1763;1.341
1764;1.264
1765;1.257
1766;1.262
1767;1.252
1768;1.258
1769;1.252
1770;1.256
1771;1.37
1772;1.436
1773;1.425
1774;1.357
1775;1.402
1776;1.316
1777;1.389
1778;1.346
1779;1.29
1780;1.268
1781;1.253
1782;1.253
1783;1.296
1784;1.262
1785;1.253
1786;1.357
1787;1.403
1788;1.356
1789;1.394
1790;1.338
1791;1.357
1792;1.373
1793;1.329
1794;1.265
1795;1.263
1796;1.254
1797;1.268
1798;1.256
1799;1.253
1800;1.278
1801;1.396
1802;1.412
1803;1.416
1804;1.395
1805;1.393
1806;1.426
1807;1.417
1808;1.414
1809;1.33
1810;1.369
1811;1.32
1812;1.325
1813;1.318
1814;1.316
1815;1.351
1816;1.495
1817;1.467
1818;1.494
1819;1.421
1820;1.453
1821;1.488
1822;1.43
1823;1.361
1824;1.337
1825;1.33
1826;1.332
1827;1.332
1828;1.33
1829;1.42
1830;1.47
1831;1.468
1832;1.515
1833;1.519
1834;1.457
1835;1.444
1836;1.398
1837;1.34
1838;1.331
1839;1.331
1840;1.33
1841;1.33
1842;1.33
1843;1.41
1844;1.483
1845;1.487
1846;1.484
1847;1.465
1848;1.467
1849;1.467
1850;1.374
1851;1.365
1852;1.345
1853;1.345
1854;1.337
1855;1.341
1856;1.351
1857;1.437
1858;1.473
1859;1.461
1860;1.48
1861;1.478
1862;1.452
1863;1.512
1864;1.431
1865;1.358
1866;1.357
1867;1.35
1868;1.349
1869;1.362
1870;1.348
1871;1.436
1872;1.486
1873;1.451
1874;1.495
1875;1.455
1876;1.493
1877;1.468
1878;1.388
1879;1.392
1880;1.349
1881;1.354
1882;1.35
1883;1.354
1884;1.352
1885;1.5
1886;1.469
1887;1.45
1888;1.479
1889;1.452
1890;1.481
1891;1.479
1892;1.402
1893;1.36
1894;1.352
1895;1.349
1896;1.353
1897;1.351
1898;1.357
1899;1.426
1900;1.496
1901;1.5
1902;1.462
1903;1.465
1904;1.482
1905;1.462
1906;1.397
1907;1.369
1908;1.352
1909;1.353
1910;1.363
1911;1.352
1912;1.351
1913;1.482
1914;1.523
1915;1.482
1916;1.503
1917;1.493
1918;1.501
1919;1.505
1920;1.367
1921;1.349
1922;1.358
1923;1.356
1924;1.351
1925;1.363
1926;1.358
1927;1.492
1928;1.456
1929;1.496
1930;1.447
1931;1.456
1932;1.501
1933;1.501
1934;1.398
1935;1.375
1936;1.357
1937;1.352
1938;1.352
1939;1.352
1940;1.353
1941;1.476
1942;1.486
1943;1.486
1944;1.501
1945;1.506
1946;1.495
1947;1.496
1948;1.382
1949;1.364
1950;1.39
1951;1.418
1952;1.423
1953;1.397
1954;1.393
1955;1.58
1956;1.566
1957;1.552
1958;1.532
1959;1.543
1960;1.562
1961;1.514
1962;1.469
1963;1.447
1964;1.432
1965;1.449
1966;1.448
1967;1.442
1968;1.515
1969;1.594
1970;1.57
1971;1.594
1972;1.551
1973;1.589
1974;1.598
1975;1.47
1976;1.448
1977;1.445
1978;1.446
1979;1.442
1980;1.45
1981;1.545
1982;1.64
1983;1.563
1984;1.558
1985;1.581
1986;1.566
1987;1.559
1988;1.485
1989;1.445
1990;1.45
1991;1.442
1992;1.441
1993;1.442
1994;1.504
1995;1.597
1996;1.576
1997;1.583
1998;1.565
1999;1.554
2000;1.577
2001;1.464
2002;1.451
2003;1.449
2004;1.45
2005;1.453
2006;1.456
2007;1.576
2008;1.649
2009;1.576
2010;1.594
2011;1.584
2012;1.594
2013;1.567
2014;1.505
2015;1.466
2016;1.461
2017;1.461
2018;1.465
2019;1.461
2020;1.549
2021;1.598
2022;1.583
2023;1.577
2024;1.58
2025;1.575
2026;1.591
2027;1.495
2028;1.479
2029;1.462
2030;1.476
2031;1.461
2032;1.468
2033;1.554
2034;1.58
2035;1.591
2036;1.604
2037;1.609
2038;1.616
2039;1.567
2040;1.486
2041;1.462
2042;1.468
2043;1.463
2044;1.494
2045;1.48
2046;1.588
2047;1.604
2048;1.626
2049;1.636
2050;1.571
2051;1.654
2052;1.553
2053;1.502
2054;1.467
2055;1.465
2056;1.476
2057;1.463
2058;1.462
2059;1.608
2060;1.607
2061;1.6
2062;1.606
2063;1.616
2064;1.633
2065;1.55
2066;1.499
2067;1.473
2068;1.49
2069;1.477
2070;1.468
2071;1.465
2072;1.573
2073;1.614
2074;1.616
2075;1.636
2076;1.605
2077;1.619
2078;1.542
2079;1.467
2080;1.462
2081;1.461
2082;1.462
2083;1.464
2084;1.461
2085;1.572
2086;1.605
2087;1.621
2088;1.581
2089;1.607
2090;1.619
2091;1.573
2092;1.477
2093;1.466
2094;1.462
2095;1.472
2096;1.462
2097;1.463
2098;1.62
2099;1.6
2100;1.642
2101;1.715
2102;1.659
2103;1.682
2104;1.618
2105;1.575
2106;1.54
2107;1.533
2108;1.521
2109;1.53
2110;1.621
2111;1.716
2112;1.675
2113;1.739
2114;1.693
2115;1.744
2116;1.687
2117;1.588
2118;1.562
2119;1.551
2120;1.551
2121;1.565
2122;1.638
2123;1.762
2124;1.679
2125;1.706
2126;1.726
2127;1.737
2128;1.651
2129;1.574
2130;1.557
2131;1.554
2132;1.554
2133;1.557
2134;1.627
2135;1.704
2136;1.707
2137;1.633
2138;1.685
2139;1.719
2140;1.656
2141;1.564
2142;1.552
2143;1.554
2144;1.552
2145;1.574
2146;1.706
2147;1.703
2148;1.697
2149;1.75
2150;1.685
2151;1.713
2152;1.628
2153;1.591
2154;1.574
2155;1.579
2156;1.594
2157;1.629
2158;1.692
2159;1.726
2160;1.725
2161;1.727
2162;1.671
2163;1.716
2164;1.655
2165;1.591
2166;1.591
2167;1.589
2168;1.586
2169;1.586
2170;1.71
2171;1.714
2172;1.687
2173;1.719
2174;1.696
2175;1.713
2176;1.654
2177;1.597
2178;1.597
2179;1.589
2180;1.587
2181;1.586
2182;1.68
2183;1.689
2184;1.708
2185;1.712
2186;1.715
2187;1.738
2188;1.667
2189;1.6
2190;1.591
2191;1.633
2192;1.595
2193;1.592
2194;1.692
2195;1.71
2196;1.718
2197;1.747
2198;1.714
2199;1.748
2200;1.634
2201;1.601
2202;1.601
2203;1.593
2204;1.601
2205;1.587
2206;1.702
2207;1.749
2208;1.74
2209;1.745
2210;1.735
2211;1.723
2212;1.665
2213;1.598
2214;1.591
2215;1.587
2216;1.592
2217;1.588
2218;1.71
2219;1.744
2220;1.731
2221;1.706
2222;1.72
2223;1.749
2224;1.612
2225;1.644
2226;1.588
2227;1.598
2228;1.59
2229;1.589
2230;1.651
2231;1.721
2232;1.776
2233;1.743
2234;1.717
2235;1.786
2236;1.642
2237;1.61
2238;1.624
2239;1.616
2240;1.607
2241;1.685
2242;1.747
2243;1.728
2244;1.738
2245;1.71
2246;1.744
2247;1.768
2248;1.673
2249;1.619
2250;1.643
2251;1.66
2252;1.628
2253;1.617
2254;1.782
2255;1.77
2256;1.776
2257;1.774
2258;1.781
2259;1.755
2260;1.682
2261;1.663
2262;1.66
2263;1.654
2264;1.651
2265;1.659
2266;1.831
2267;1.793
2268;1.804
2269;1.821
2270;1.817
2271;1.786
2272;1.715
2273;1.67
2274;1.666
2275;1.664
2276;1.664
2277;1.674
2278;1.892
2279;1.798
2280;1.831
2281;1.798
2282;1.808
2283;1.799
2284;1.675
2285;1.674
2286;1.68
2287;1.665
2288;1.704
2289;1.845
2290;1.85
2291;1.83
2292;1.804
2293;1.798
2294;1.74
2295;1.677
2296;1.675
2297;1.733
2298;1.669
2299;1.69
2300;1.842
2301;1.862
2302;1.783
2303;1.816
2304;1.797
2305;1.754
2306;1.687
2307;1.681
2308;1.685
2309;1.678
2310;1.712
2311;1.817
2312;1.833
2313;1.801
2314;1.859
2315;1.869
2316;1.809
2317;1.721
2318;1.691
2319;1.685
2320;1.685
2321;1.807
2322;1.902
2323;1.868
2324;1.854
2325;1.859
2326;1.831
2327;1.71
2328;1.693
2329;1.687
2330;1.689
2331;1.686
2332;1.761
2333;1.905
2334;1.867
2335;1.848
2336;1.822
2337;1.825
2338;1.73
2339;1.707
2340;1.687
2341;1.687
2342;1.686
2343;1.744
2344;1.916
2345;1.816
2346;1.84
2347;1.817
2348;1.895
2349;1.712
2350;1.702
2351;1.7
2352;1.69
2353;1.686
2354;1.751
2355;1.871
2356;1.862
2357;1.823
2358;1.855
2359;1.859
2360;1.729
2361;1.696
2362;1.686
2363;1.687
2364;1.685
2365;1.729
2366;1.914
2367;1.87
2368;1.812
2369;1.856
2370;1.84
2371;1.728
2372;1.688
2373;1.686
2374;1.748
2375;1.707
2376;1.764
2377;1.863
2378;1.829
2379;1.81
2380;1.868
2381;1.844
2382;1.731
2383;1.691
2384;1.695
2385;1.686
2386;1.721
2387;1.762
2388;1.875
2389;1.885
2390;1.827
2391;1.853
2392;1.906
2393;1.735
2394;1.691
2395;1.691
2396;1.685
2397;1.7
2398;1.761
2399;1.923
2400;1.992
2401;1.907
2402;1.933
2403;1.878
2404;1.747
2405;1.745
2406;1.744
2407;1.742
2408;1.744
2409;1.902
2410;1.905
2411;1.956
2412;1.905
2413;1.962
2414;1.85
2415;1.792
2416;1.781
2417;1.776
2418;1.788
2419;1.789
2420;1.923
2421;1.911
2422;1.949
2423;1.927
2424;1.939
2425;1.879
2426;1.853
2427;1.777
2428;1.774
2429;1.784
2430;1.778
2431;1.934
2432;1.915
2433;1.958
2434;1.943
2435;1.937
2436;1.853
2437;1.806
2438;1.789
2439;1.776
2440;1.776
2441;1.785
2442;1.952
2443;1.97
2444;1.935
2445;1.936
2446;1.984
2447;1.88
2448;1.788
2449;1.781
2450;1.78
2451;1.817
2452;1.824
2453;1.948
2454;1.925
2455;1.958
2456;1.92
2457;2.012
2458;1.861
2459;1.814
2460;1.795
2461;1.796
2462;1.796
2463;1.793
2464;2.009
2465;1.931
2466;1.941
2467;2
2468;1.99
2469;1.837
2470;1.8
2471;1.803
2472;1.794
2473;1.804
2474;1.795
2475;1.937
2476;1.931
2477;1.953
2478;1.988
2479;2.022
2480;1.892
2481;1.808
2482;1.807
2483;1.796
2484;1.797
2485;1.802
2486;1.958
2487;1.973
2488;1.985
2489;1.895
2490;1.923
2491;1.859
2492;1.8
2493;1.793
2494;1.814
2495;1.799
2496;1.794
2497;1.943
2498;1.977
2499;2.011
2500;1.981
2501;2.055
2502;1.855
2503;1.795
2504;1.865
2505;1.839
2506;1.801
2507;1.802
2508;1.991
2509;1.969
2510;1.965
2511;1.96
2512;1.945
2513;1.831
2514;1.799
2515;1.795
2516;1.796
2517;1.798
2518;1.964
2519;2.003
2520;2.014
2521;1.964
2522;2.01
2523;1.904
2524;1.844
2525;1.828
2526;1.829
2527;1.875
2528;1.846
2529;2.04
2530;2.022
2531;2.022
2532;1.989
2533;1.944
2534;1.852
2535;1.853
2536;1.849
2537;1.849
2538;1.856
2539;2.061
2540;1.952
2541;1.962
2542;1.982
2543;1.923
2544;1.817
2545;1.796
2546;1.798
2547;1.797
2548;1.806
2549;2.004
2550;1.985
2551;2.053
2552;2.009
2553;1.985
2554;1.911
2555;1.888
2556;1.859
2557;1.853
2558;1.853
2559;1.874
2560;2.064
2561;2.058
2562;2.056
2563;2.082
2564;1.99
2565;1.896
2566;1.897
2567;1.884
2568;1.921
2569;1.971
2570;2.13
2571;2.073
2572;2.143
2573;2.047
2574;1.949
2575;1.937
2576;1.896
2577;1.885
2578;1.935
2579;2.012
2580;2.124
2581;2.103
2582;2.055
2583;2.045
2584;1.951
2585;1.9
2586;1.885
2587;1.887
2588;1.885
2589;1.985
2590;2.114
2591;2.042
2592;2.062
2593;2.071
2594;1.913
2595;1.888
2596;1.893
2597;1.887
2598;1.887
2599;1.977
2600;2.095
2601;2.063
2602;2.072
2603;2.099
2604;1.961
2605;1.908
2606;1.902
2607;1.906
2608;1.897
2609;2.03
2610;2.096
2611;2.11
2612;2.082
2613;2.109
2614;1.925
2615;1.912
2616;1.926
2617;1.906
2618;1.914
2619;2.008
2620;2.069
2621;2.05
2622;2.082
2623;2.069
2624;1.949
2625;1.915
2626;1.921
2627;1.905
2628;1.917
2629;2.026
2630;2.085
2631;2.104
2632;2.106
2633;2.094
2634;1.983
2635;1.912
2636;1.908
2637;1.908
2638;1.913
2639;2.023
2640;2.135
2641;2.079
2642;2.073
2643;2.065
2644;1.928
2645;1.91
2646;1.907
2647;1.976
2648;1.906
2649;2.009
2650;2.111
2651;2.117
2652;2.084
2653;2.131
2654;1.944
2655;1.907
2656;1.909
2657;1.906
2658;1.906
2659;2.02
2660;2.082
2661;2.091
2662;2.067
2663;2.078
2664;1.978
2665;1.926
2666;1.924
2667;1.923
2668;1.914
2669;2.042
2670;2.099
2671;2.107
2672;2.084
2673;2.109
2674;1.927
2675;1.922
2676;1.906
2677;1.906
2678;1.91
2679;2.035
2680;2.097
2681;2.081
2682;2.106
2683;2.085
2684;1.966
2685;1.912
2686;1.924
2687;1.931
2688;1.905
2689;2.003
2690;2.098
2691;2.1
2692;2.1
2693;2.047
2694;1.993
2695;1.936
2696;1.907
2697;1.99
2698;1.908
2699;2.059
2700;2.139
2701;2.106
2702;2.106
2703;2.072
2704;1.97
2705;1.968
2706;1.968
2707;1.968
2708;1.967
2709;2.167
2710;2.159
2711;2.161
2712;2.17
2713;2.161
2714;1.997
2715;1.997
2716;1.996
2717;2.076
2718;2.016
2719;2.197
2720;2.209
2721;2.205
2722;2.174
2723;2.074
2724;2.005
2725;2.001
2726;1.999
2727;2.094
2728;1.999
2729;2.228
2730;2.216
2731;2.153
2732;2.198
2733;2.101
2734;2.004
2735;1.997
2736;2.005
2737;2.005
2738;2.002
2739;2.179
2740;2.194
2741;2.193
2742;2.235
2743;2.075
2744;2.029
2745;2.001
2746;2.014
2747;2.005
2748;2.004
2749;2.209
2750;2.198
2751;2.224
2752;2.197
2753;2.094
2754;2.016
2755;2.025
2756;2.018
2757;2.017
2758;2.032
2759;2.22
2760;2.199
2761;2.284
2762;2.294
2763;2.097
2764;2.061
2765;2.067
2766;2.065
2767;2.074
2768;2.072
2769;2.31
2770;2.251
2771;2.233
2772;2.159
2773;2.041
2774;2.027
2775;2.03
2776;2.021
2777;2.032
2778;2.299
2779;2.198
2780;2.224
2781;2.153
2782;2.044
2783;2.026
2784;2.076
2785;2.046
2786;2.034
2787;2.235
2788;2.212
2789;2.213
2790;2.174
2791;2.099
2792;2.025
2793;2.025
2794;2.026
2795;2.039
2796;2.213
2797;2.233
2798;2.218
2799;2.166
2800;2.092
2801;2.035
2802;2.028
2803;2.022
2804;2.04
2805;2.221
2806;2.205
2807;2.227
2808;2.206
2809;2.074
2810;2.029
2811;2.032
2812;2.022
2813;2.03
2814;2.266
2815;2.215
2816;2.207
2817;2.184
2818;2.082
2819;2.022
2820;2.036
2821;2.055
2822;2.051
2823;2.253
2824;2.235
2825;2.17
2826;2.128
2827;2.073
2828;2.023
2829;2.063
2830;2.035
2831;2.023
2832;2.28
2833;2.241
2834;2.193
2835;2.196
2836;2.047
2837;2.02
2838;2.024
2839;2.021
2840;2.022
2841;2.269
2842;2.27
2843;2.215
2844;2.204
2845;2.074
2846;2.041
2847;2.049
2848;2.048
2849;2.066
2850;2.282
2851;2.226
2852;2.228
2853;2.202
2854;2.146
2855;2.123
2856;2.114
2857;2.106
2858;2.158
2859;2.321
2860;2.275
2861;2.298
2862;2.201
2863;2.138
2864;2.121
2865;2.134
2866;2.138
2867;2.242
2868;2.298
2869;2.317
2870;2.312
2871;2.259
2872;2.165
2873;2.206
2874;2.136
2875;2.132
2876;2.309
2877;2.295
2878;2.341
2879;2.39
2880;2.24
2881;2.163
2882;2.169
2883;2.163
2884;2.168
2885;2.321
2886;2.357
2887;2.366
2888;2.372
2889;2.239
2890;2.187
2891;2.153
2892;2.132
2893;2.135
2894;2.333
2895;2.365
2896;2.374
2897;2.321
2898;2.208
2899;2.136
2900;2.138
2901;2.143
2902;2.139
2903;2.239
2904;2.381
2905;2.357
2906;2.412
2907;2.204
2908;2.151
2909;2.159
2910;2.154
2911;2.152
2912;2.271
2913;2.369
2914;2.285
2915;2.359
2916;2.184
2917;2.155
2918;2.219
2919;2.152
2920;2.154
2921;2.267
2922;2.391
2923;2.348
2924;2.353
2925;2.202
2926;2.156
2927;2.155
2928;2.153
2929;2.153
2930;2.283
2931;2.396
2932;2.362
2933;2.359
2934;2.198
2935;2.155
2936;2.188
2937;2.169
2938;2.158
2939;2.308
2940;2.401
2941;2.357
2942;2.383
2943;2.216
2944;2.16
2945;2.16
2946;2.155
2947;2.152
2948;2.316
2949;2.369
2950;2.373
2951;2.356
2952;2.201
2953;2.162
2954;2.166
2955;2.154
2956;2.157
2957;2.252
2958;2.346
2959;2.313
2960;2.372
2961;2.214
2962;2.177
2963;2.154
2964;2.154
2965;2.158
2966;2.288
2967;2.349
2968;2.294
2969;2.313
2970;2.192
2971;2.156
2972;2.163
2973;2.161
2974;2.155
2975;2.274
2976;2.36
2977;2.339
2978;2.294
2979;2.206
2980;2.155
2981;2.183
2982;2.173
2983;2.163
2984;2.273
2985;2.342
2986;2.324
2987;2.385
2988;2.196
2989;2.137
2990;2.139
2991;2.133
2992;2.139
2993;2.226
2994;2.354
2995;2.369
2996;2.387
2997;2.216
2998;2.15
2999;2.137
3000;2.234
3001;2.18
3002;2.305
3003;2.414
3004;2.385
3005;2.405
3006;2.213
3007;2.195
3008;2.193
3009;2.193
3010;2.203
3011;2.375
3012;2.415
3013;2.361
3014;2.399
3015;2.246
3016;2.231
3017;2.228
3018;2.233
3019;2.233
3020;2.372
3021;2.387
3022;2.451
3023;2.428
3024;2.241
3025;2.228
3026;2.225
3027;2.223
3028;2.232
3029;2.476
3030;2.404
3031;2.433
3032;2.396
3033;2.244
3034;2.232
3035;2.241
3036;2.225
3037;2.225
3038;2.463
3039;2.413
3040;2.443
3041;2.358
3042;2.239
3043;2.232
3044;2.235
3045;2.225
3046;2.228
3047;2.483
3048;2.397
3049;2.49
3050;2.406
3051;2.256
3052;2.235
3053;2.229
3054;2.23
3055;2.249
3056;2.47
3057;2.472
3058;2.442
3059;2.396
3060;2.264
3061;2.265
3062;2.254
3063;2.24
3064;2.247
3065;2.437
3066;2.461
3067;2.449
3068;2.405
3069;2.267
3070;2.244
3071;2.24
3072;2.241
3073;2.244
3074;2.466
3075;2.504
3076;2.432
3077;2.399
3078;2.271
3079;2.253
3080;2.242
3081;2.243
3082;2.295
3083;2.464
3084;2.453
3085;2.447
3086;2.38
3087;2.258
3088;2.24
3089;2.246
3090;2.241
3091;2.247
3092;2.415
3093;2.401
3094;2.452
3095;2.402
3096;2.261
3097;2.25
3098;2.246
3099;2.276
3100;2.241
3101;2.453
3102;2.543
3103;2.482
3104;2.404
3105;2.327
3106;2.255
3107;2.243
3108;2.241
3109;2.251
3110;2.495
3111;2.517
3112;2.464
3113;2.375
3114;2.267
3115;2.252
3116;2.251
3117;2.243
3118;2.242
3119;2.493
3120;2.482
3121;2.475
3122;2.356
3123;2.257
3124;2.241
3125;2.322
3126;2.242
3127;2.245
3128;2.477
3129;2.469
3130;2.458
3131;2.398
3132;2.261
3133;2.246
3134;2.245
3135;2.244
3136;2.257
3137;2.464
3138;2.485
3139;2.432
3140;2.373
3141;2.263
3142;2.281
3143;2.26
3144;2.244
3145;2.269
3146;2.454
3147;2.453
3148;2.465
3149;2.37
3150;2.292
3151;2.284
3152;2.288
3153;2.291
3154;2.352
3155;2.58
3156;2.5
3157;2.486
3158;2.425
3159;2.316
3160;2.343
3161;2.323
3162;2.376
3163;2.353
3164;2.564
3165;2.601
3166;2.515
3167;2.36
3168;2.335
3169;2.336
3170;2.342
3171;2.369
3172;2.573
3173;2.596
3174;2.476
3175;2.392
3176;2.346
3177;2.34
3178;2.337
3179;2.393
3180;2.592
3181;2.576
3182;2.524
3183;2.357
3184;2.334
3185;2.345
3186;2.339
3187;2.4
3188;2.653
3189;2.569
3190;2.546
3191;2.362
3192;2.338
3193;2.343
3194;2.336
3195;2.418
3196;2.579
3197;2.559
3198;2.466
3199;2.361
3200;2.34
3201;2.401
3202;2.359
3203;2.389
3204;2.671
3205;2.542
3206;2.49
3207;2.368
3208;2.352
3209;2.349
3210;2.353
3211;2.444
3212;2.607
3213;2.517
3214;2.517
3215;2.381
3216;2.361
3217;2.362
3218;2.359
3219;2.416
3220;2.606
3221;2.591
3222;2.522
3223;2.419
3224;2.36
3225;2.365
3226;2.355
3227;2.429
3228;2.588
3229;2.569
3230;2.535
3231;2.375
3232;2.362
3233;2.361
3234;2.369
3235;2.432
3236;2.566
3237;2.595
3238;2.513
3239;2.376
3240;2.405
3241;2.363
3242;2.352
3243;2.435
3244;2.642
3245;2.765
3246;2.697
3247;2.489
3248;2.444
3249;2.443
3250;2.435
3251;2.561
3252;2.661
3253;2.672
3254;2.467
3255;2.447
3256;2.442
3257;2.446
3258;2.454
3259;2.542
3260;2.634
3261;2.68
3262;2.521
3263;2.448
3264;2.442
3265;2.435
3266;2.444
3267;2.564
3268;2.609
3269;2.614
3270;2.532
3271;2.448
3272;2.442
3273;2.447
3274;2.421
3275;2.519
3276;2.647
3277;2.658
3278;2.645
3279;2.665
3280;2.706
3281;2.51
3282;2.482
3283;2.705
3284;2.723
3285;2.686
3286;2.465
3287;2.416
3288;2.411
3289;2.41
3290;2.415
3291;2.564
3292;2.645
3293;2.637
3294;2.482
3295;2.417
3296;2.413
3297;2.42
3298;2.423
3299;2.521
3300;2.596
3301;2.606
3302;2.522
3303;2.488
3304;2.396
3305;2.414
3306;2.417
3307;2.534
3308;2.609
3309;2.689
3310;2.557
3311;2.452
3312;2.448
3313;2.431
3314;2.44
3315;2.552
3316;2.792
3317;2.671
3318;2.562
3319;2.458
3320;2.479
3321;2.446
3322;2.504
3323;2.598
3324;2.684
3325;2.729
3326;2.491
3327;2.477
3328;2.445
3329;2.449
3330;2.446
3331;2.628
3332;2.742
3333;2.746
3334;2.457
3335;2.456
3336;2.45
3337;2.465
3338;2.446
3339;2.629
3340;2.673
3341;2.747
3342;2.491
3343;2.457
3344;2.447
3345;2.449
3346;2.465
3347;2.621
3348;2.65
3349;2.725
3350;2.518
3351;2.471
3352;2.457
3353;2.453
3354;2.456
3355;2.631
3356;2.714
3357;2.676
3358;2.524
3359;2.519
3360;2.465
3361;2.468
3362;2.464
3363;2.612
3364;2.693
3365;2.714
3366;2.554
3367;2.476
3368;2.48
3369;2.465
3370;2.475
3371;2.648
3372;2.681
3373;2.692
3374;2.555
3375;2.481
3376;2.472
3377;2.525
3378;2.493
3379;2.64
3380;2.658
3381;2.688
3382;2.531
3383;2.481
3384;2.468
3385;2.53
3386;2.475
3387;2.668
3388;2.672
3389;2.717
3390;2.523
3391;2.478
3392;2.504
3393;2.471
3394;2.465
3395;2.661
3396;2.754
3397;2.731
3398;2.53
3399;2.477
3400;2.471
3401;2.48
3402;2.483
3403;2.64
3404;2.692
3405;2.764
3406;2.518
3407;2.485
3408;2.468
3409;2.474
3410;2.48
3411;2.624
3412;2.705
3413;2.829
3414;2.554
3415;2.486
3416;2.477
3417;2.472
3418;2.471
3419;2.66
3420;2.695
3421;2.683
3422;2.528
3423;2.476
3424;2.488
3425;2.469
3426;2.47
3427;2.649
3428;2.794
3429;2.791
3430;2.543
3431;2.509
3432;2.492
3433;2.541
3434;2.495
3435;2.692
3436;2.732
3437;2.728
3438;2.549
3439;2.506
3440;2.494
3441;2.491
3442;2.509
3443;2.668
3444;2.765
3445;2.677
3446;2.527
3447;2.559
3448;2.506
3449;2.493
3450;2.531
3451;2.716
3452;2.783
3453;2.807
3454;2.53
3455;2.529
3456;2.527
3457;2.552
3458;2.531
3459;2.714
3460;2.782
3461;2.754
3462;2.565
3463;2.546
3464;2.543
3465;2.588
3466;2.564
3467;2.757
3468;2.877
3469;2.785
3470;2.606
3471;2.558
3472;2.557
3473;2.564
3474;2.559
3475;2.777
3476;2.832
3477;2.758
3478;2.594
3479;2.565
3480;2.576
3481;2.562
3482;2.558
3483;2.726
3484;2.802
3485;2.947
3486;2.616
3487;2.618
3488;2.559
3489;2.56
3490;2.559
3491;2.796
3492;2.804
3493;2.748
3494;2.579
3495;2.557
3496;2.573
3497;2.561
3498;2.562
3499;2.737
3500;2.769
3501;2.787
3502;2.618
3503;2.568
3504;2.567
3505;2.627
3506;2.572
3507;2.782
3508;2.856
3509;2.838
3510;2.675
3511;2.629
3512;2.641
3513;2.642
3514;2.651
3515;2.895
3516;2.898
3517;2.773
3518;2.615
3519;2.626
3520;2.588
3521;2.586
3522;2.627
3523;2.813
3524;2.835
3525;2.783
3526;2.638
3527;2.581
3528;2.593
3529;2.582
3530;2.578
3531;2.842
3532;2.861
3533;2.763
3534;2.601
3535;2.579
3536;2.631
3537;2.599
3538;2.58
3539;2.844
3540;2.863
3541;2.726
3542;2.631
3543;2.583
3544;2.581
3545;2.579
3546;2.593
3547;2.818
3548;2.786
3549;2.778
3550;2.606
3551;2.583
3552;2.579
3553;2.579
3554;2.585
3555;2.837
3556;2.819
3557;2.812
3558;2.628
3559;2.579
3560;2.581
3561;2.584
3562;2.586
3563;2.818
3564;2.779
3565;2.747
3566;2.598
3567;2.659
3568;2.641
3569;2.615
3570;2.594
3571;2.838
3572;2.861
3573;2.928
3574;2.724
3575;2.72
3576;2.635
3577;2.625
3578;2.619
3579;2.886
3580;2.86
3581;2.679
3582;2.592
3583;2.58
3584;2.593
3585;2.62
3586;2.838
3587;2.87
3588;2.748
3589;2.66
3590;2.598
3591;2.578
3592;2.588
3593;2.651
3594;2.843
3595;2.796
3596;2.806
3597;2.607
3598;2.592
3599;2.582
3600;2.618
3601;2.623
3602;2.866
3603;2.924
3604;2.837
3605;2.654
3606;2.64
3607;2.722
3608;2.641
3609;2.644
3610;2.973
3611;2.955
3612;2.706
3613;2.668
3614;2.659
3615;2.67
3616;2.727
3617;2.932
3618;2.969
3619;2.719
3620;2.68
3621;2.674
3622;2.67
3623;2.697
3624;2.981
3625;2.959
3626;2.693
3627;2.724
3628;2.695
3629;2.674
3630;2.711
3631;2.911
3632;2.952
3633;2.757
3634;2.68
3635;2.67
3636;2.675
3637;2.704
3638;3.035
3639;2.954
3640;2.712
3641;2.703
3642;2.675
3643;2.669
3644;2.723
3645;2.911
3646;2.883
3647;2.716
3648;2.683
3649;2.675
3650;2.697
3651;2.701
3652;3.009
3653;2.984
3654;2.757
3655;2.695
3656;2.713
3657;2.682
3658;2.77
3659;2.975
3660;2.88
3661;2.772
3662;2.75
3663;2.69
3664;2.69
3665;2.729
3666;2.971
3667;2.91
3668;2.74
3669;2.699
3670;2.701
3671;2.694
3672;2.74
3673;3.002
3674;3.01
3675;2.737
3676;2.721
3677;2.717
3678;2.694
3679;2.838
3680;3.024
3681;2.958
3682;2.734
3683;2.705
3684;2.701
3685;2.689
3686;2.748
3687;2.937
3688;2.927
3689;2.713
3690;2.706
3691;2.708
3692;2.713
3693;2.753
3694;3.053
3695;2.976
3696;2.772
3697;2.703
3698;2.69
3699;2.69
3700;2.78
3701;2.995
3702;2.954
3703;2.728
3704;2.711
3705;2.692
3706;2.692
3707;2.751
3708;2.944
3709;2.978
3710;2.709
3711;2.701
3712;2.699
3713;2.727
3714;2.736
3715;2.916
3716;2.986
3717;2.729
3718;2.721
3719;2.697
3720;2.692
3721;2.761
3722;3.014
3723;2.946
3724;2.761
3725;2.727
3726;2.744
3727;2.723
3728;2.783
3729;2.974
3730;2.938
3731;2.768
3732;2.727
3733;2.719
3734;2.726
3735;2.792
3736;2.968
3737;2.928
3738;2.771
3739;2.729
3740;2.721
3741;2.718
3742;2.784
3743;3.003
3744;2.967
3745;2.738
3746;2.79
3747;2.74
3748;2.721
3749;2.806
3750;3.084
3751;3.061
3752;2.804
3753;2.773
3754;2.758
3755;2.785
3756;2.883
3757;3.066
3758;3.029
3759;2.799
3760;2.822
3761;2.797
3762;2.8
3763;2.998
3764;3.01
3765;2.994
3766;2.833
3767;2.817
3768;2.825
3769;2.814
3770;2.921
3771;3.053
3772;2.988
3773;2.836
3774;2.815
3775;2.81
3776;2.847
3777;2.983
3778;2.995
3779;3.054
3780;2.835
3781;2.811
3782;2.812
3783;2.809
3784;2.954
3785;3.065
3786;2.983
3787;2.86
3788;2.82
3789;2.813
3790;2.812
3791;2.915
3792;3.03
3793;2.967
3794;2.829
3795;2.82
3796;2.906
3797;2.817
3798;2.937
3799;3.126
3800;2.992
3801;2.836
3802;2.823
3803;2.818
3804;2.822
3805;2.972
3806;3.063
3807;2.983
3808;2.855
3809;2.845
3810;2.829
3811;2.839
3812;2.975
3813;3.059
3814;3.01
3815;2.846
3816;2.832
3817;2.839
3818;2.833
3819;2.981
3820;3.096
3821;3.016
3822;2.859
3823;2.838
3824;2.836
3825;2.841
3826;2.978
3827;3.133
3828;3.069
3829;2.853
3830;2.835
3831;2.831
3832;2.832
3833;2.975
3834;3.113
3835;3.022
3836;2.87
3837;2.834
3838;2.829
3839;2.828
3840;2.979
3841;3.082
3842;3.03
3843;2.856
3844;2.883
3845;2.849
3846;2.829
3847;2.959
3848;3.093
3849;3.024
3850;2.859
3851;2.832
3852;2.828
3853;2.842
3854;3.01
3855;3.101
3856;3.217
3857;2.895
3858;2.862
3859;2.836
3860;2.837
3861;3.085
3862;3.137
3863;2.981
3864;2.949
3865;2.913
3866;2.835
3867;2.832
3868;2.974
3869;3.1
3870;2.996
3871;2.842
3872;2.829
3873;2.866
3874;2.919
3875;3.019
3876;3.149
3877;3.004
3878;2.858
3879;2.83
3880;2.829
3881;2.834
3882;3.015
3883;3.095
3884;3.025
3885;2.857
3886;2.833
3887;2.83
3888;2.829
3889;3.001
3890;3.083
3891;3.052
3892;2.857
3893;2.912
3894;2.835
3895;2.839
3896;2.986
3897;3.043
3898;3.036
3899;2.85
3900;2.864
3901;2.885
3902;2.875
3903;3.041
3904;3.177
3905;3.094
3906;2.914
3907;2.893
3908;2.889
3909;2.944
3910;3.119
3911;3.203
3912;3.02
3913;2.925
3914;2.928
3915;2.92
3916;2.922
3917;3.181
3918;3.233
3919;3.078
3920;2.949
3921;2.937
3922;2.953
3923;2.934
3924;3.192
3925;3.195
3926;3.036
3927;2.94
3928;2.928
3929;2.933
3930;2.924
3931;3.126
3932;3.271
3933;3.089
3934;2.937
3935;2.925
3936;2.923
3937;2.943
3938;3.166
3939;3.261
3940;3.076
3941;2.907
3942;2.901
3943;2.889
3944;2.905
3945;3.126
3946;3.219
3947;3.015
3948;2.927
3949;2.894
3950;2.907
3951;2.9
3952;3.152
3953;3.225
3954;3.041
3955;2.947
3956;2.963
3957;2.911
3958;2.908
3959;3.093
3960;3.26
3961;3.068
3962;2.928
3963;2.915
3964;2.927
3965;2.915
3966;3.15
3967;3.216
3968;3.089
3969;2.944
3970;2.913
3971;2.913
3972;2.987
3973;3.122
3974;3.202
3975;3.094
3976;2.947
3977;2.929
3978;2.915
3979;2.92
3980;3.175
3981;3.223
3982;3.019
3983;2.923
3984;2.952
3985;2.919
3986;2.922
3987;3.079
3988;3.189
3989;3.01
3990;2.921
3991;2.919
3992;2.923
3993;2.916
3994;3.126
3995;3.192
3996;3.061
3997;2.934
3998;2.914
3999;2.92
4000;2.938
4001;3.126
4002;3.284
4003;3.099
4004;2.946
4005;2.922
4006;2.913
4007;2.917
4008;3.1
4009;3.183
4010;3.003
4011;2.935
4012;2.915
4013;2.923
4014;2.921
4015;3.135
4016;3.295
4017;3.057
4018;2.947
4019;2.974
4020;2.921
4021;2.916
4022;3.199
4023;3.31
4024;3.074
4025;2.945
4026;2.92
4027;2.93
4028;2.914
4029;3.148
4030;3.217
4031;3.056
4032;2.946
4033;2.919
4034;2.967
4035;2.93
4036;3.17
4037;3.286
4038;3.037
4039;2.952
4040;2.919
4041;2.933
4042;2.938
4043;3.223
4044;3.286
4045;3.072
4046;2.926
4047;2.938
4048;2.914
4049;2.955
4050;3.215
4051;3.249
4052;3.134
4053;2.977
4054;2.958
4055;2.991
4056;2.987
4057;3.25
4058;3.343
4059;3.05
4060;2.996
4061;2.993
4062;3.004
4063;3.004
4064;3.287
4065;3.356
4066;3.092
4067;3.013
4068;3.026
4069;3.012
4070;3.017
4071;3.359
4072;3.327
4073;3.089
4074;3.013
4075;3.008
4076;3.006
4077;3.015
4078;3.292
4079;3.345
4080;3.103
4081;3.019
4082;3.004
4083;3.006
4084;3.01
4085;3.319
4086;3.351
4087;3.14
4088;3.031
4089;3.009
4090;3.008
4091;3.008
4092;3.305
4093;3.327
4094;3.042
4095;3.037
4096;3.031
4097;3.004
4098;3.011
4099;3.295
4100;3.347
4101;3.077
4102;3.038
4103;3.034
4104;3.026
4105;3.036
4106;3.279
4107;3.355
4108;3.095
4109;3.043
4110;3.042
4111;3.087
4112;3.037
4113;3.394
4114;3.307
4115;3.118
4116;3.045
4117;3.045
4118;3.049
4119;3.045
4120;3.355
4121;3.308
4122;3.091
4123;3.078
4124;3.035
4125;3.04
4126;3.072
4127;3.289
4128;3.362
4129;3.06
4130;3.055
4131;3.036
4132;3.036
4133;3.041
4134;3.358
4135;3.332
4136;3.055
4137;3.055
4138;3.059
4139;3.047
4140;3.046
4141;3.295
4142;3.314
4143;3.095
4144;3.053
4145;3.044
4146;3.051
4147;3.038
4148;3.345
4149;3.362
4150;3.087
4151;3.057
4152;3.04
4153;3.051
4154;3.053
4155;3.332
4156;3.29
4157;3.092
4158;3.053
4159;3.039
4160;3.045
4161;3.062
4162;3.282
4163;3.296
4164;3.115
4165;3.074
4166;3.074
4167;3.069
4168;3.071
4169;3.354
4170;3.347
4171;3.143
4172;3.073
4173;3.073
4174;3.078
4175;3.108
4176;3.379
4177;3.393
4178;3.109
4179;3.089
4180;3.065
4181;3.069
4182;3.07
4183;3.415
4184;3.331
4185;3.127
4186;3.109
4187;3.075
4188;3.07
4189;3.069
4190;3.363
4191;3.343
4192;3.116
4193;3.08
4194;3.079
4195;3.069
4196;3.074
4197;3.306
4198;3.352
4199;3.173
4200;3.134
4201;3.173
4202;3.121
4203;3.12
4204;3.424
4205;3.293
4206;3.158
4207;3.131
4208;3.138
4209;3.166
4210;3.508
4211;3.347
4212;3.16
4213;3.168
4214;3.152
4215;3.219
4216;3.484
4217;3.325
4218;3.177
4219;3.158
4220;3.182
4221;3.229
4222;3.48
4223;3.313
4224;3.162
4225;3.16
4226;3.161
4227;3.204
4228;3.53
4229;3.38
4230;3.217
4231;3.178
4232;3.166
4233;3.238
4234;3.416
4235;3.321
4236;3.17
4237;3.161
4238;3.171
4239;3.205
4240;3.485
4241;3.335
4242;3.196
4243;3.174
4244;3.164
4245;3.297
4246;3.535
4247;3.274
4248;3.16
4249;3.164
4250;3.165
4251;3.201
4252;3.464
4253;3.329
4254;3.185
4255;3.176
4256;3.177
4257;3.21
4258;3.508
4259;3.378
4260;3.199
4261;3.184
4262;3.19
4263;3.275
4264;3.5
4265;3.352
4266;3.201
4267;3.187
4268;3.18
4269;3.248
4270;3.464
4271;3.303
4272;3.188
4273;3.181
4274;3.228
4275;3.246
4276;3.484
4277;3.299
4278;3.204
4279;3.184
4280;3.187
4281;3.243
4282;3.51
4283;3.345
4284;3.197
4285;3.186
4286;3.199
4287;3.264
4288;3.455
4289;3.334
4290;3.184
4291;3.184
4292;3.18
4293;3.272
4294;3.554
4295;3.341
4296;3.194
4297;3.18
4298;3.184
4299;3.273
4300;3.462
4301;3.312
4302;3.188
4303;3.243
4304;3.182
4305;3.25
4306;3.496
4307;3.364
4308;3.198
4309;3.181
4310;3.189
4311;3.288
4312;3.569
4313;3.288
4314;3.21
4315;3.187
4316;3.195
4317;3.258
4318;3.515
4319;3.362
4320;3.206
4321;3.183
4322;3.197
4323;3.275
4324;3.53
4325;3.332
4326;3.191
4327;3.181
4328;3.189
4329;3.28
4330;3.489
4331;3.339
4332;3.235
4333;3.257
4334;3.197
4335;3.266
4336;3.543
4337;3.303
4338;3.195
4339;3.193
4340;3.182
4341;3.252
4342;3.505
4343;3.361
4344;3.204
4345;3.192
4346;3.232
4347;3.255
4348;3.433
4349;3.326
4350;3.232
4351;3.259
4352;3.227
4353;3.314
4354;3.568
4355;3.365
4356;3.266
4357;3.254
4358;3.249
4359;3.397
4360;3.57
4361;3.315
4362;3.265
4363;3.29
4364;3.263
4365;3.409
4366;3.642
4367;3.348
4368;3.293
4369;3.279
4370;3.276
4371;3.391
4372;3.545
4373;3.365
4374;3.286
4375;3.322
4376;3.286
4377;3.384
4378;3.616
4379;3.41
4380;3.285
4381;3.279
4382;3.292
4383;3.413
4384;3.545
4385;3.328
4386;3.281
4387;3.28
4388;3.277
4389;3.438
4390;3.529
4391;3.387
4392;3.289
4393;3.303
4394;3.274
4395;3.423
4396;3.635
4397;3.4
4398;3.308
4399;3.279
4400;3.3
4401;3.53
4402;3.649
4403;3.379
4404;3.298
4405;3.293
4406;3.284
4407;3.483
4408;3.628
4409;3.367
4410;3.309
4411;3.294
4412;3.292
4413;3.473
4414;3.625
4415;3.392
4416;3.307
4417;3.342
4418;3.297
4419;3.452
4420;3.613
4421;3.36
4422;3.302
4423;3.291
4424;3.309
4425;3.412
4426;3.572
4427;3.392
4428;3.302
4429;3.303
4430;3.294
4431;3.493
4432;3.591
4433;3.353
4434;3.303
4435;3.309
4436;3.297
4437;3.429
4438;3.551
4439;3.36
4440;3.394
4441;3.303
4442;3.313
4443;3.459
4444;3.655
4445;3.365
4446;3.313
4447;3.295
4448;3.296
4449;3.523
4450;3.59
4451;3.31
4452;3.298
4453;3.271
4454;3.272
4455;3.387
4456;3.559
4457;3.395
4458;3.276
4459;3.342
4460;3.271
4461;3.378
4462;3.681
4463;3.379
4464;3.275
4465;3.266
4466;3.271
4467;3.394
4468;3.63
4469;3.377
4470;3.284
4471;3.266
4472;3.261
4473;3.433
4474;3.597
4475;3.337
4476;3.272
4477;3.277
4478;3.263
4479;3.373
4480;3.561
4481;3.355
4482;3.274
4483;3.271
4484;3.268
4485;3.432
4486;3.603
4487;3.378
4488;3.28
4489;3.268
4490;3.265
4491;3.413
4492;3.618
4493;3.369
4494;3.29
4495;3.272
4496;3.262
4497;3.38
4498;3.549
4499;3.413
4500;3.298
4501;3.372
4502;3.306
4503;3.449
4504;3.792
4505;3.384
4506;3.331
4507;3.323
4508;3.333
4509;3.506
4510;3.914
4511;3.371
4512;3.357
4513;3.357
4514;3.347
4515;3.619
4516;3.803
4517;3.385
4518;3.36
4519;3.362
4520;3.352
4521;3.615
4522;3.746
4523;3.453
4524;3.423
4525;3.398
4526;3.452
4527;3.61
4528;3.666
4529;3.41
4530;3.371
4531;3.358
4532;3.38
4533;3.516
4534;3.669
4535;3.393
4536;3.361
4537;3.356
4538;3.359
4539;3.568
4540;3.682
4541;3.374
4542;3.44
4543;3.36
4544;3.363
4545;3.478
4546;3.693
4547;3.427
4548;3.374
4549;3.375
4550;3.362
4551;3.596
4552;3.664
4553;3.446
4554;3.38
4555;3.371
4556;3.453
4557;3.558
4558;3.673
4559;3.464
4560;3.399
4561;3.376
4562;3.376
4563;3.636
4564;3.786
4565;3.419
4566;3.395
4567;3.383
4568;3.427
4569;3.567
4570;3.695
4571;3.402
4572;3.381
4573;3.386
4574;3.382
4575;3.564
4576;3.741
4577;3.399
4578;3.385
4579;3.389
4580;3.409
4581;3.57
4582;3.685
4583;3.498
4584;3.395
4585;3.374
4586;3.38
4587;3.587
4588;3.816
4589;3.402
4590;3.401
4591;3.383
4592;3.382
4593;3.592
4594;3.803
4595;3.405
4596;3.422
4597;3.402
4598;3.38
4599;3.562
4600;3.683
4601;3.451
4602;3.389
4603;3.382
4604;3.389
4605;3.62
4606;3.675
4607;3.427
4608;3.47
4609;3.383
4610;3.449
4611;3.599
4612;3.771
4613;3.403
4614;3.409
4615;3.376
4616;3.376
4617;3.598
4618;3.693
4619;3.4
4620;3.396
4621;3.381
4622;3.395
4623;3.571
4624;3.754
4625;3.44
4626;3.391
4627;3.378
4628;3.394
4629;3.597
4630;3.679
4631;3.425
4632;3.39
4633;3.38
4634;3.39
4635;3.576
4636;3.704
4637;3.447
4638;3.394
4639;3.39
4640;3.378
4641;3.54
4642;3.739
4643;3.413
4644;3.411
4645;3.377
4646;3.382
4647;3.713
4648;3.761
4649;3.449
4650;3.431
4651;3.488
4652;3.424
4653;3.607
4654;3.799
4655;3.462
4656;3.443
4657;3.441
4658;3.451
4659;3.64
4660;3.78
4661;3.478
4662;3.481
4663;3.463
4664;3.501
4665;3.679
4666;3.804
4667;3.49
4668;3.505
4669;3.473
4670;3.472
4671;3.758
4672;3.762
4673;3.495
4674;3.48
4675;3.476
4676;3.481
4677;3.749
4678;3.787
4679;3.503
4680;3.482
4681;3.486
4682;3.47
4683;3.732
4684;3.706
4685;3.51
4686;3.467
4687;3.488
4688;3.47
4689;3.74
4690;3.752
4691;3.564
4692;3.479
4693;3.468
4694;3.485
4695;3.689
4696;3.859
4697;3.468
4698;3.454
4699;3.452
4700;3.456
4701;3.696
4702;3.761
4703;3.468
4704;3.503
4705;3.466
4706;3.485
4707;3.689
4708;3.752
4709;3.483
4710;3.488
4711;3.48
4712;3.467
4713;3.702
4714;3.757
4715;3.521
4716;3.474
4717;3.5
4718;3.473
4719;3.659
4720;3.733
4721;3.494
4722;3.483
4723;3.467
4724;3.475
4725;3.665
4726;3.745
4727;3.527
4728;3.485
4729;3.489
4730;3.517
4731;3.821
4732;3.771
4733;3.478
4734;3.478
4735;3.49
4736;3.478
4737;3.726
4738;3.811
4739;3.482
4740;3.493
4741;3.471
4742;3.502
4743;3.735
4744;3.951
4745;3.741
4746;3.635
4747;3.489
4748;3.472
4749;3.77
4750;3.743
4751;3.486
4752;3.468
4753;3.475
4754;3.469
4755;3.76
4756;3.824
4757;3.594
4758;3.476
4759;3.473
4760;3.471
4761;3.79
4762;3.775
4763;3.501
4764;3.476
4765;3.467
4766;3.472
4767;3.753
4768;3.75
4769;3.544
4770;3.518
4771;3.482
4772;3.467
4773;3.726
4774;3.805
4775;3.478
4776;3.471
4777;3.485
4778;3.468
4779;3.732
4780;3.789
4781;3.526
4782;3.471
4783;3.541
4784;3.483
4785;3.738
4786;3.738
4787;3.495
4788;3.471
4789;3.472
4790;3.481
4791;3.714
4792;3.723
4793;3.487
4794;3.473
4795;3.486
4796;3.509
4797;3.723
4798;3.815
4799;3.507
4800;3.513
4801;3.513
4802;3.514
4803;3.821
4804;3.775
4805;3.541
4806;3.532
4807;3.533
4808;3.559
4809;3.825
4810;3.812
4811;3.562
4812;3.555
4813;3.558
4814;3.549
4815;3.907
4816;3.912
4817;3.595
4818;3.566
4819;3.571
4820;3.558
4821;3.929
4822;3.858
4823;3.577
4824;3.563
4825;3.557
4826;3.584
4827;3.94
4828;3.815
4829;3.606
4830;3.572
4831;3.565
4832;3.567
4833;3.89
4834;3.792
4835;3.636
4836;3.566
4837;3.56
4838;3.564
4839;3.831
4840;3.776
4841;3.598
4842;3.57
4843;3.563
4844;3.559
4845;3.859
4846;3.862
4847;3.587
4848;3.607
4849;3.564
4850;3.561
4851;3.86
4852;3.82
4853;3.589
4854;3.568
4855;3.579
4856;3.577
4857;3.94
4858;3.81
4859;3.597
4860;3.58
4861;3.619
4862;3.583
4863;3.912
4864;3.835
4865;3.611
4866;3.576
4867;3.583
4868;3.588
4869;3.919
4870;3.839
4871;3.602
4872;3.685
4873;3.588
4874;3.656
4875;3.964
4876;3.906
4877;3.617
4878;3.58
4879;3.584
4880;3.579
4881;3.939
4882;3.84
4883;3.605
4884;3.584
4885;3.648
4886;3.577
4887;3.955
4888;3.828
4889;3.593
4890;3.593
4891;3.582
4892;3.578
4893;3.907
4894;3.79
4895;3.602
4896;3.587
4897;3.585
4898;3.587
4899;3.925
4900;3.823
4901;3.62
4902;3.585
4903;3.593
4904;3.576
4905;3.92
4906;3.828
4907;3.599
4908;3.586
4909;3.579
4910;3.578
4911;3.953
4912;3.908
4913;3.622
4914;3.582
4915;3.576
4916;3.592
4917;3.911
4918;3.85
4919;3.598
4920;3.581
4921;3.583
4922;3.599
4923;3.893
4924;3.828
4925;3.676
4926;3.584
4927;3.585
4928;3.579
4929;3.937
4930;3.788
4931;3.581
4932;3.589
4933;3.58
4934;3.581
4935;4
4936;3.834
4937;3.584
4938;3.644
4939;3.601
4940;3.596
4941;3.817
4942;3.821
4943;3.607
4944;3.62
4945;3.594
4946;3.58
4947;3.937
4948;3.821
4949;3.637
4950;3.616
4951;3.698
4952;3.624
4953;3.983
4954;3.886
4955;3.636
4956;3.643
4957;3.642
4958;3.643
4959;4.021
4960;3.931
4961;3.684
4962;3.745
4963;3.695
4964;3.681
4965;4.055
4966;3.897
4967;3.708
4968;3.676
4969;3.711
4970;3.68
4971;4.041
4972;3.864
4973;3.699
4974;3.683
4975;3.678
4976;3.723
4977;4.11
4978;3.953
4979;3.714
4980;3.674
4981;3.671
4982;3.673
4983;4.086
4984;3.874
4985;3.679
4986;3.675
4987;3.69
4988;3.679
4989;4.119
4990;3.815
4991;3.675
4992;3.688
4993;3.711
4994;3.673
4995;4.097
4996;3.871
4997;3.676
4998;3.679
4999;3.679
